engine_no,MAX(recordings.operational_setting_1),MAX(recordings.operational_setting_2),MAX(recordings.operational_setting_3),MAX(recordings.sensor_measurement_1),MAX(recordings.sensor_measurement_10),MAX(recordings.sensor_measurement_11),MAX(recordings.sensor_measurement_12),MAX(recordings.sensor_measurement_13),MAX(recordings.sensor_measurement_14),MAX(recordings.sensor_measurement_15),MAX(recordings.sensor_measurement_16),MAX(recordings.sensor_measurement_17),MAX(recordings.sensor_measurement_18),MAX(recordings.sensor_measurement_19),MAX(recordings.sensor_measurement_2),MAX(recordings.sensor_measurement_20),MAX(recordings.sensor_measurement_21),MAX(recordings.sensor_measurement_3),MAX(recordings.sensor_measurement_4),MAX(recordings.sensor_measurement_5),MAX(recordings.sensor_measurement_6),MAX(recordings.sensor_measurement_7),MAX(recordings.sensor_measurement_8),MAX(recordings.sensor_measurement_9),MAX(recordings.cycles.MAX(recordings.operational_setting_1)),MAX(recordings.cycles.MAX(recordings.operational_setting_2)),MAX(recordings.cycles.MAX(recordings.operational_setting_3)),MAX(recordings.cycles.MAX(recordings.sensor_measurement_1)),MAX(recordings.cycles.MAX(recordings.sensor_measurement_10)),MAX(recordings.cycles.MAX(recordings.sensor_measurement_11)),MAX(recordings.cycles.MAX(recordings.sensor_measurement_12)),MAX(recordings.cycles.MAX(recordings.sensor_measurement_13)),MAX(recordings.cycles.MAX(recordings.sensor_measurement_14)),MAX(recordings.cycles.MAX(recordings.sensor_measurement_15)),MAX(recordings.cycles.MAX(recordings.sensor_measurement_16)),MAX(recordings.cycles.MAX(recordings.sensor_measurement_17)),MAX(recordings.cycles.MAX(recordings.sensor_measurement_18)),MAX(recordings.cycles.MAX(recordings.sensor_measurement_19)),MAX(recordings.cycles.MAX(recordings.sensor_measurement_2)),MAX(recordings.cycles.MAX(recordings.sensor_measurement_20)),MAX(recordings.cycles.MAX(recordings.sensor_measurement_21)),MAX(recordings.cycles.MAX(recordings.sensor_measurement_3)),MAX(recordings.cycles.MAX(recordings.sensor_measurement_4)),MAX(recordings.cycles.MAX(recordings.sensor_measurement_5)),MAX(recordings.cycles.MAX(recordings.sensor_measurement_6)),MAX(recordings.cycles.MAX(recordings.sensor_measurement_7)),MAX(recordings.cycles.MAX(recordings.sensor_measurement_8)),MAX(recordings.cycles.MAX(recordings.sensor_measurement_9)),remaining_useful_life
1,42.0067,0.842,100.0,518.67,1.3,47.43,521.18,2388.06,8136.59,10.9141,0.03,392,2388,100.0,642.87,39.14,23.4578,1585.87,1404.99,14.62,21.59,553.15,2387.96,9053.86,42.0067,0.842,100.0,518.67,1.3,47.43,521.18,2388.06,8136.59,10.9141,0.03,392,2388,100.0,642.87,39.14,23.4578,1585.87,1404.99,14.62,21.59,553.15,2387.96,9053.86,220
2,42.0079,0.842,100.0,518.67,1.3,47.47,522.54,2388.14,8138.46,10.9057,0.03,393,2388,100.0,642.88,39.15,23.4692,1591.12,1406.87,14.62,21.61,555.0,2388.07,9056.19,42.0079,0.842,100.0,518.67,1.3,47.47,522.54,2388.14,8138.46,10.9141,0.03,393,2388,100.0,642.88,39.15,23.4692,1591.12,1406.87,14.62,21.61,555.0,2388.07,9056.19,198
3,42.0071,0.8418,100.0,518.67,1.3,47.36,524.69,2388.14,8147.3,10.8552,0.03,393,2388,100.0,642.87,39.36,23.6131,1589.88,1409.55,14.62,21.6,556.8,2388.14,9067.99,42.0079,0.842,100.0,518.67,1.3,47.47,524.69,2388.14,8147.3,10.9141,0.03,393,2388,100.0,642.88,39.36,23.6131,1591.12,1409.55,14.62,21.61,556.8,2388.14,9067.99,206
4,42.008,0.8419,100.0,518.67,1.3,47.54,522.3,2388.19,8146.95,10.9442,0.03,394,2388,100.0,642.95,39.11,23.4354,1596.26,1411.32,14.62,21.61,554.29,2388.1,9070.01,42.008,0.842,100.0,518.67,1.3,47.54,524.69,2388.19,8147.3,10.9442,0.03,394,2388,100.0,642.95,39.36,23.6131,1596.26,1411.32,14.62,21.61,556.8,2388.14,9070.01,173
5,42.0065,0.8417,100.0,518.67,1.3,47.72,521.43,2388.24,8131.69,10.9454,0.03,395,2388,100.0,643.51,38.96,23.406,1598.72,1417.79,14.62,21.61,554.14,2388.21,9056.14,42.008,0.842,100.0,518.67,1.3,47.72,524.69,2388.24,8147.3,10.9454,0.03,395,2388,100.0,643.51,39.36,23.6131,1598.72,1417.79,14.62,21.61,556.8,2388.21,9070.01,92
6,42.0077,0.8419,100.0,518.67,1.3,47.28,522.62,2388.11,8141.54,10.8964,0.03,393,2388,100.0,642.22,39.24,23.4679,1587.64,1404.57,14.62,21.58,554.44,2388.03,9063.62,42.008,0.842,100.0,518.67,1.3,47.72,524.69,2388.24,8147.3,10.9454,0.03,395,2388,100.0,643.51,39.36,23.6131,1598.72,1417.79,14.62,21.61,556.8,2388.21,9070.01,230
7,42.0078,0.842,100.0,518.67,1.3,47.93,521.84,2388.26,8133.76,10.9516,0.03,395,2388,100.0,643.45,38.99,23.3742,1600.27,1417.01,14.62,21.61,553.68,2388.2,9055.63,42.008,0.842,100.0,518.67,1.3,47.93,524.69,2388.26,8147.3,10.9516,0.03,395,2388,100.0,643.51,39.36,23.6131,1600.27,1417.79,14.62,21.61,556.8,2388.21,9070.01,120
8,42.0079,0.842,100.0,518.67,1.3,47.45,522.9,2388.18,8136.93,10.9067,0.03,394,2388,100.0,642.78,39.15,23.4885,1590.37,1413.08,14.62,21.61,554.76,2388.12,9053.58,42.008,0.842,100.0,518.67,1.3,47.93,524.69,2388.26,8147.3,10.9516,0.03,395,2388,100.0,643.51,39.36,23.6131,1600.27,1417.79,14.62,21.61,556.8,2388.21,9070.01,129
9,42.0077,0.8419,100.0,518.67,1.3,47.51,523.95,2388.12,8145.9,10.8598,0.03,392,2388,100.0,642.65,39.24,23.5392,1585.77,1402.04,14.62,21.61,556.31,2388.07,9064.55,42.008,0.842,100.0,518.67,1.3,47.93,524.69,2388.26,8147.3,10.9516,0.03,395,2388,100.0,643.51,39.36,23.6131,1600.27,1417.79,14.62,21.61,556.8,2388.21,9070.01,233
10,42.0073,0.8418,100.0,518.67,1.3,47.38,521.04,2388.07,8135.89,10.8978,0.03,392,2388,100.0,642.45,39.11,23.4584,1588.23,1407.07,14.62,21.58,553.49,2387.98,9049.97,42.008,0.842,100.0,518.67,1.3,47.93,524.69,2388.26,8147.3,10.9516,0.03,395,2388,100.0,643.51,39.36,23.6131,1600.27,1417.79,14.62,21.61,556.8,2388.21,9070.01,253
11,42.0077,0.8419,100.0,518.67,1.3,47.63,522.26,2388.17,8141.1,10.919,0.03,394,2388,100.0,642.91,38.94,23.422,1595.01,1413.21,14.62,21.61,554.39,2388.13,9065.72,42.008,0.842,100.0,518.67,1.3,47.93,524.69,2388.26,8147.3,10.9516,0.03,395,2388,100.0,643.51,39.36,23.6131,1600.27,1417.79,14.62,21.61,556.8,2388.21,9070.01,200
12,42.0079,0.8419,100.0,518.67,1.3,47.38,521.28,2388.04,8138.29,10.8885,0.03,392,2388,100.0,642.7,39.08,23.5664,1586.77,1405.66,14.62,21.58,553.86,2387.97,9048.28,42.008,0.842,100.0,518.67,1.3,47.93,524.69,2388.26,8147.3,10.9516,0.03,395,2388,100.0,643.51,39.36,23.6131,1600.27,1417.79,14.62,21.61,556.8,2388.21,9070.01,171
13,42.0078,0.8418,100.0,518.67,1.3,47.42,522.79,2388.08,8142.39,10.8732,0.03,394,2388,100.0,642.52,39.2,23.515,1589.1,1401.93,14.62,21.61,555.88,2388.06,9063.93,42.008,0.842,100.0,518.67,1.3,47.93,524.69,2388.26,8147.3,10.9516,0.03,395,2388,100.0,643.51,39.36,23.6131,1600.27,1417.79,14.62,21.61,556.8,2388.21,9070.01,155
14,42.0077,0.842,100.0,518.67,1.3,47.25,522.29,2388.05,8142.52,10.8833,0.03,392,2388,100.0,642.36,39.17,23.5056,1585.5,1400.83,14.62,21.6,554.53,2388.01,9054.1,42.008,0.842,100.0,518.67,1.3,47.93,524.69,2388.26,8147.3,10.9516,0.03,395,2388,100.0,643.51,39.36,23.6131,1600.27,1417.79,14.62,21.61,556.8,2388.21,9070.01,152
15,42.0074,0.842,100.0,518.67,1.3,47.56,525.25,2388.24,8151.24,10.8396,0.03,393,2388,100.0,643.01,39.32,23.6005,1590.44,1404.54,14.62,21.61,558.01,2388.1,9064.97,42.008,0.842,100.0,518.67,1.3,47.93,525.25,2388.26,8151.24,10.9516,0.03,395,2388,100.0,643.51,39.36,23.6131,1600.27,1417.79,14.62,21.61,558.01,2388.21,9070.01,123
16,42.0077,0.8419,100.0,518.67,1.3,47.75,521.8,2388.24,8132.01,10.9304,0.03,394,2388,100.0,643.05,38.95,23.3613,1597.09,1417.18,14.62,21.61,553.61,2388.17,9054.34,42.008,0.842,100.0,518.67,1.3,47.93,525.25,2388.26,8151.24,10.9516,0.03,395,2388,100.0,643.51,39.36,23.6131,1600.27,1417.79,14.62,21.61,558.01,2388.21,9070.01,83
17,42.0079,0.8419,100.0,518.67,1.3,47.44,522.62,2388.14,8140.42,10.9011,0.03,394,2388,100.0,642.85,39.12,23.4717,1591.76,1408.87,14.62,21.61,555.07,2388.13,9060.84,42.008,0.842,100.0,518.67,1.3,47.93,525.25,2388.26,8151.24,10.9516,0.03,395,2388,100.0,643.51,39.36,23.6131,1600.27,1417.79,14.62,21.61,558.01,2388.21,9070.01,50
18,42.0078,0.8419,100.0,518.67,1.3,47.25,523.0,2388.11,8140.59,10.8858,0.03,393,2388,100.0,642.62,39.18,23.5129,1589.79,1401.54,14.62,21.58,555.31,2388.03,9061.74,42.008,0.842,100.0,518.67,1.3,47.93,525.25,2388.26,8151.24,10.9516,0.03,395,2388,100.0,643.51,39.36,23.6131,1600.27,1417.79,14.62,21.61,558.01,2388.21,9070.01,242
19,42.0079,0.8419,100.0,518.67,1.3,47.73,521.83,2388.23,8127.22,10.937,0.03,395,2388,100.0,643.12,38.93,23.3271,1596.31,1418.16,14.62,21.61,554.03,2388.2,9048.16,42.008,0.842,100.0,518.67,1.3,47.93,525.25,2388.26,8151.24,10.9516,0.03,395,2388,100.0,643.51,39.36,23.6131,1600.27,1418.16,14.62,21.61,558.01,2388.21,9070.01,109
20,42.0079,0.8419,100.0,518.67,1.3,47.69,522.65,2388.19,8139.13,10.9316,0.03,395,2388,100.0,643.14,38.94,23.4296,1595.86,1416.61,14.62,21.61,554.21,2388.14,9064.81,42.008,0.842,100.0,518.67,1.3,47.93,525.25,2388.26,8151.24,10.9516,0.03,395,2388,100.0,643.51,39.36,23.6131,1600.27,1418.16,14.62,21.61,558.01,2388.21,9070.01,144
21,42.0077,0.8419,100.0,518.67,1.3,47.41,525.09,2388.17,8149.06,10.8547,0.03,393,2388,100.0,642.63,39.24,23.6432,1593.31,1404.37,14.62,21.6,557.37,2388.12,9067.32,42.008,0.842,100.0,518.67,1.3,47.93,525.25,2388.26,8151.24,10.9516,0.03,395,2388,100.0,643.51,39.36,23.6432,1600.27,1418.16,14.62,21.61,558.01,2388.21,9070.01,126
22,42.0074,0.842,100.0,518.67,1.3,47.42,522.31,2388.18,8143.76,10.9307,0.03,394,2388,100.0,642.58,39.2,23.4844,1591.26,1405.07,14.62,21.61,554.62,2388.09,9067.61,42.008,0.842,100.0,518.67,1.3,47.93,525.25,2388.26,8151.24,10.9516,0.03,395,2388,100.0,643.51,39.36,23.6432,1600.27,1418.16,14.62,21.61,558.01,2388.21,9070.01,110
23,42.0079,0.8417,100.0,518.67,1.3,47.51,522.7,2388.21,8147.98,10.9139,0.03,395,2388,100.0,642.57,39.23,23.4607,1593.23,1405.18,14.62,21.61,555.09,2388.11,9067.29,42.008,0.842,100.0,518.67,1.3,47.93,525.25,2388.26,8151.24,10.9516,0.03,395,2388,100.0,643.51,39.36,23.6432,1600.27,1418.16,14.62,21.61,558.01,2388.21,9070.01,179
24,42.0076,0.8419,100.0,518.67,1.3,47.55,522.54,2388.18,8148.11,10.9292,0.03,394,2388,100.0,643.1,39.04,23.4665,1597.77,1410.04,14.62,21.61,554.53,2388.09,9065.65,42.008,0.842,100.0,518.67,1.3,47.93,525.25,2388.26,8151.24,10.9516,0.03,395,2388,100.0,643.51,39.36,23.6432,1600.27,1418.16,14.62,21.61,558.01,2388.21,9070.01,85
25,42.0079,0.842,100.0,518.67,1.3,47.68,522.13,2388.23,8139.77,10.9157,0.03,396,2388,100.0,643.49,39.01,23.4451,1596.31,1412.08,14.62,21.61,554.41,2388.14,9064.96,42.008,0.842,100.0,518.67,1.3,47.93,525.25,2388.26,8151.24,10.9516,0.03,396,2388,100.0,643.51,39.36,23.6432,1600.27,1418.16,14.62,21.61,558.01,2388.21,9070.01,49
26,42.0074,0.842,100.0,518.67,1.3,47.52,522.11,2388.17,8147.09,10.935,0.03,393,2388,100.0,643.0,39.07,23.4318,1597.96,1412.38,14.62,21.61,554.11,2388.11,9066.52,42.008,0.842,100.0,518.67,1.3,47.93,525.25,2388.26,8151.24,10.9516,0.03,396,2388,100.0,643.51,39.36,23.6432,1600.27,1418.16,14.62,21.61,558.01,2388.21,9070.01,196
27,42.0079,0.8419,100.0,518.67,1.3,47.81,521.47,2388.24,8135.65,10.9741,0.03,395,2388,100.0,643.48,38.99,23.3885,1597.96,1416.93,14.62,21.61,554.05,2388.19,9053.01,42.008,0.842,100.0,518.67,1.3,47.93,525.25,2388.26,8151.24,10.9741,0.03,396,2388,100.0,643.51,39.36,23.6432,1600.27,1418.16,14.62,21.61,558.01,2388.21,9070.01,62
28,42.0077,0.842,100.0,518.67,1.3,47.46,523.0,2388.13,8146.22,10.9105,0.03,394,2388,100.0,642.59,39.19,23.4854,1589.64,1407.01,14.62,21.61,554.5,2388.08,9060.33,42.008,0.842,100.0,518.67,1.3,47.93,525.25,2388.26,8151.24,10.9741,0.03,396,2388,100.0,643.51,39.36,23.6432,1600.27,1418.16,14.62,21.61,558.01,2388.21,9070.01,101
29,42.0076,0.842,100.0,518.67,1.3,47.66,521.71,2388.24,8130.58,10.9266,0.03,394,2388,100.0,643.37,39.02,23.417,1596.85,1415.99,14.62,21.61,553.45,2388.19,9058.39,42.008,0.842,100.0,518.67,1.3,47.93,525.25,2388.26,8151.24,10.9741,0.03,396,2388,100.0,643.51,39.36,23.6432,1600.27,1418.16,14.62,21.61,558.01,2388.21,9070.01,146
30,42.0078,0.8419,100.0,518.67,1.3,47.36,522.64,2388.15,8145.53,10.9011,0.03,392,2388,100.0,642.88,39.22,23.4795,1588.47,1404.93,14.62,21.61,555.01,2388.02,9064.42,42.008,0.842,100.0,518.67,1.3,47.93,525.25,2388.26,8151.24,10.9741,0.03,396,2388,100.0,643.51,39.36,23.6432,1600.27,1418.16,14.62,21.61,558.01,2388.21,9070.01,196
31,42.0079,0.842,100.0,518.67,1.3,47.68,522.08,2388.14,8140.8,10.9485,0.03,393,2388,100.0,642.96,39.05,23.4066,1595.62,1413.24,14.62,21.61,554.56,2388.15,9061.04,42.008,0.842,100.0,518.67,1.3,47.93,525.25,2388.26,8151.24,10.9741,0.03,396,2388,100.0,643.51,39.36,23.6432,1600.27,1418.16,14.62,21.61,558.01,2388.21,9070.01,162
32,42.0074,0.842,100.0,518.67,1.3,47.54,522.33,2388.21,8146.76,10.9252,0.03,394,2388,100.0,643.09,39.01,23.4496,1596.03,1408.79,14.62,21.61,554.56,2388.11,9065.44,42.008,0.842,100.0,518.67,1.3,47.93,525.25,2388.26,8151.24,10.9741,0.03,396,2388,100.0,643.51,39.36,23.6432,1600.27,1418.16,14.62,21.61,558.01,2388.21,9070.01,118
33,42.0075,0.8418,100.0,518.67,1.3,47.52,522.34,2388.3,8151.75,10.9363,0.03,394,2388,100.0,642.71,39.05,23.4994,1595.81,1414.56,14.62,21.61,554.36,2388.14,9070.47,42.008,0.842,100.0,518.67,1.3,47.93,525.25,2388.3,8151.75,10.9741,0.03,396,2388,100.0,643.51,39.36,23.6432,1600.27,1418.16,14.62,21.61,558.01,2388.21,9070.47,100
34,42.0078,0.842,100.0,518.67,1.3,47.73,521.68,2388.26,8131.23,10.9476,0.03,394,2388,100.0,643.29,39.0,23.3576,1595.47,1415.95,14.62,21.61,554.1,2388.18,9050.64,42.008,0.842,100.0,518.67,1.3,47.93,525.25,2388.3,8151.75,10.9741,0.03,396,2388,100.0,643.51,39.36,23.6432,1600.27,1418.16,14.62,21.61,558.01,2388.21,9070.47,175
35,42.0076,0.842,100.0,518.67,1.3,47.47,525.54,2388.25,8151.63,10.8451,0.03,393,2388,100.0,642.88,39.34,23.5966,1589.8,1407.08,14.62,21.61,557.59,2388.16,9070.28,42.008,0.842,100.0,518.67,1.3,47.93,525.54,2388.3,8151.75,10.9741,0.03,396,2388,100.0,643.51,39.36,23.6432,1600.27,1418.16,14.62,21.61,558.01,2388.21,9070.47,120
36,42.0079,0.842,100.0,518.67,1.3,47.87,521.97,2388.25,8125.23,10.9458,0.03,395,2388,100.0,643.38,39.08,23.3881,1597.18,1420.02,14.62,21.61,553.82,2388.21,9048.91,42.008,0.842,100.0,518.67,1.3,47.93,525.54,2388.3,8151.75,10.9741,0.03,396,2388,100.0,643.51,39.36,23.6432,1600.27,1420.02,14.62,21.61,558.01,2388.21,9070.47,42
37,42.0079,0.8419,100.0,518.67,1.3,47.27,521.64,2388.09,8137.68,10.8842,0.03,393,2388,100.0,642.19,39.15,23.4582,1588.71,1398.41,14.62,21.58,554.27,2387.98,9055.79,42.008,0.842,100.0,518.67,1.3,47.93,525.54,2388.3,8151.75,10.9741,0.03,396,2388,100.0,643.51,39.36,23.6432,1600.27,1420.02,14.62,21.61,558.01,2388.21,9070.47,287
38,42.0078,0.8417,100.0,518.67,1.3,47.7,521.58,2388.22,8132.84,10.9431,0.03,395,2388,100.0,643.16,38.97,23.448,1601.12,1416.15,14.62,21.61,554.56,2388.17,9056.71,42.008,0.842,100.0,518.67,1.3,47.93,525.54,2388.3,8151.75,10.9741,0.03,396,2388,100.0,643.51,39.36,23.6432,1601.12,1420.02,14.62,21.61,558.01,2388.21,9070.47,76
39,42.0078,0.8418,100.0,518.67,1.3,47.43,522.56,2388.06,8140.07,10.8932,0.03,392,2388,100.0,642.44,39.16,23.5314,1590.26,1397.33,14.62,21.6,554.51,2388.0,9057.56,42.008,0.842,100.0,518.67,1.3,47.93,525.54,2388.3,8151.75,10.9741,0.03,396,2388,100.0,643.51,39.36,23.6432,1601.12,1420.02,14.62,21.61,558.01,2388.21,9070.47,101
40,42.0063,0.8418,100.0,518.67,1.3,47.52,522.36,2388.17,8142.16,10.9267,0.03,393,2388,100.0,642.79,39.16,23.445,1594.26,1411.48,14.62,21.61,554.5,2388.1,9066.82,42.008,0.842,100.0,518.67,1.3,47.93,525.54,2388.3,8151.75,10.9741,0.03,396,2388,100.0,643.51,39.36,23.6432,1601.12,1420.02,14.62,21.61,558.01,2388.21,9070.47,105
41,42.0075,0.8416,100.0,518.67,1.3,47.76,521.7,2388.24,8139.35,10.9445,0.03,394,2388,100.0,643.11,38.91,23.3532,1600.65,1411.07,14.62,21.61,553.57,2388.12,9065.76,42.008,0.842,100.0,518.67,1.3,47.93,525.54,2388.3,8151.75,10.9741,0.03,396,2388,100.0,643.51,39.36,23.6432,1601.12,1420.02,14.62,21.61,558.01,2388.21,9070.47,178
42,42.0078,0.842,100.0,518.67,1.3,47.31,522.85,2388.07,8142.23,10.8906,0.03,393,2388,100.0,642.57,39.24,23.5287,1588.89,1401.28,14.62,21.6,555.33,2388.03,9056.36,42.008,0.842,100.0,518.67,1.3,47.93,525.54,2388.3,8151.75,10.9741,0.03,396,2388,100.0,643.51,39.36,23.6432,1601.12,1420.02,14.62,21.61,558.01,2388.21,9070.47,179
43,42.0069,0.8419,100.0,518.67,1.3,47.26,523.15,2388.12,8141.62,10.8831,0.03,393,2388,100.0,642.53,39.31,23.5585,1588.01,1402.72,14.62,21.61,555.49,2388.04,9062.68,42.008,0.842,100.0,518.67,1.3,47.93,525.54,2388.3,8151.75,10.9741,0.03,396,2388,100.0,643.51,39.36,23.6432,1601.12,1420.02,14.62,21.61,558.01,2388.21,9070.47,122
44,42.008,0.8419,100.0,518.67,1.3,47.45,522.76,2388.31,8154.85,10.907,0.03,392,2388,100.0,642.45,39.16,23.5072,1591.1,1403.3,14.62,21.61,554.87,2388.05,9076.24,42.008,0.842,100.0,518.67,1.3,47.93,525.54,2388.31,8154.85,10.9741,0.03,396,2388,100.0,643.51,39.36,23.6432,1601.12,1420.02,14.62,21.61,558.01,2388.21,9076.24,102
45,42.0077,0.842,100.0,518.67,1.3,47.65,522.02,2388.19,8134.58,10.9293,0.03,394,2388,100.0,643.42,38.99,23.399,1596.56,1415.63,14.62,21.61,554.34,2388.18,9057.45,42.008,0.842,100.0,518.67,1.3,47.93,525.54,2388.31,8154.85,10.9741,0.03,396,2388,100.0,643.51,39.36,23.6432,1601.12,1420.02,14.62,21.61,558.01,2388.21,9076.24,76
46,42.0079,0.8418,100.0,518.67,1.3,47.31,522.53,2388.13,8143.33,10.87,0.03,392,2388,100.0,642.68,39.14,23.497,1585.38,1401.21,14.62,21.58,554.6,2388.01,9062.73,42.008,0.842,100.0,518.67,1.3,47.93,525.54,2388.31,8154.85,10.9741,0.03,396,2388,100.0,643.51,39.36,23.6432,1601.12,1420.02,14.62,21.61,558.01,2388.21,9076.24,220
47,42.008,0.842,100.0,518.67,1.3,47.3,519.61,2388.06,8125.57,10.9133,0.03,392,2388,100.0,642.45,39.08,23.3986,1587.44,1401.99,14.62,21.59,551.64,2387.8,9043.82,42.008,0.842,100.0,518.67,1.3,47.93,525.54,2388.31,8154.85,10.9741,0.03,396,2388,100.0,643.51,39.36,23.6432,1601.12,1420.02,14.62,21.61,558.01,2388.21,9076.24,274
48,42.008,0.8419,100.0,518.67,1.3,47.06,519.25,2388.01,8129.17,10.9291,0.03,391,2388,100.0,642.13,39.02,23.3788,1585.64,1398.8,14.62,21.57,551.57,2388.01,9045.34,42.008,0.842,100.0,518.67,1.3,47.93,525.54,2388.31,8154.85,10.9741,0.03,396,2388,100.0,643.51,39.36,23.6432,1601.12,1420.02,14.62,21.61,558.01,2388.21,9076.24,221
49,42.0079,0.842,100.0,518.67,1.3,47.4,523.01,2388.12,8142.68,10.8638,0.03,393,2388,100.0,642.71,39.26,23.5103,1587.5,1403.1,14.62,21.59,555.26,2388.07,9063.06,42.008,0.842,100.0,518.67,1.3,47.93,525.54,2388.31,8154.85,10.9741,0.03,396,2388,100.0,643.51,39.36,23.6432,1601.12,1420.02,14.62,21.61,558.01,2388.21,9076.24,345
50,42.0079,0.8416,100.0,518.67,1.3,47.27,524.11,2388.13,8145.04,10.8638,0.03,393,2388,100.0,642.57,39.32,23.5843,1591.79,1403.95,14.62,21.61,556.63,2388.08,9062.0,42.008,0.842,100.0,518.67,1.3,47.93,525.54,2388.31,8154.85,10.9741,0.03,396,2388,100.0,643.51,39.36,23.6432,1601.12,1420.02,14.62,21.61,558.01,2388.21,9076.24,71
51,42.0077,0.842,100.0,518.67,1.3,47.52,523.91,2388.12,8145.23,10.8681,0.03,393,2388,100.0,642.49,39.24,23.5387,1592.87,1401.42,14.62,21.6,556.02,2388.1,9061.1,42.008,0.842,100.0,518.67,1.3,47.93,525.54,2388.31,8154.85,10.9741,0.03,396,2388,100.0,643.51,39.36,23.6432,1601.12,1420.02,14.62,21.61,558.01,2388.21,9076.24,184
52,42.0078,0.842,100.0,518.67,1.3,47.34,523.2,2388.12,8143.52,10.9143,0.03,393,2388,100.0,642.8,39.3,23.576,1590.74,1401.59,14.62,21.59,555.66,2388.05,9062.51,42.008,0.842,100.0,518.67,1.3,47.93,525.54,2388.31,8154.85,10.9741,0.03,396,2388,100.0,643.51,39.36,23.6432,1601.12,1420.02,14.62,21.61,558.01,2388.21,9076.24,256
53,42.0074,0.842,100.0,518.67,1.3,47.42,519.75,2388.04,8128.16,10.8957,0.03,391,2388,100.0,642.54,39.01,23.3779,1590.9,1403.24,14.62,21.58,552.1,2387.85,9041.13,42.008,0.842,100.0,518.67,1.3,47.93,525.54,2388.31,8154.85,10.9741,0.03,396,2388,100.0,643.51,39.36,23.6432,1601.12,1420.02,14.62,21.61,558.01,2388.21,9076.24,203
54,42.0079,0.8419,100.0,518.67,1.3,47.19,521.51,2388.04,8134.87,10.9055,0.03,391,2388,100.0,642.34,39.19,23.4865,1588.42,1399.32,14.62,21.6,554.75,2387.99,9051.96,42.008,0.842,100.0,518.67,1.3,47.93,525.54,2388.31,8154.85,10.9741,0.03,396,2388,100.0,643.51,39.36,23.6432,1601.12,1420.02,14.62,21.61,558.01,2388.21,9076.24,96
55,42.0069,0.842,100.0,518.67,1.3,47.44,522.65,2388.25,8151.06,10.9007,0.03,393,2388,100.0,642.71,39.28,23.5455,1593.45,1406.62,14.62,21.61,554.84,2388.06,9069.86,42.008,0.842,100.0,518.67,1.3,47.93,525.54,2388.31,8154.85,10.9741,0.03,396,2388,100.0,643.51,39.36,23.6432,1601.12,1420.02,14.62,21.61,558.01,2388.21,9076.24,243
56,42.0079,0.842,100.0,518.67,1.3,47.71,522.01,2388.2,8136.15,10.9368,0.03,394,2388,100.0,643.01,39.0,23.3969,1594.68,1412.74,14.62,21.61,554.11,2388.13,9053.54,42.008,0.842,100.0,518.67,1.3,47.93,525.54,2388.31,8154.85,10.9741,0.03,396,2388,100.0,643.51,39.36,23.6432,1601.12,1420.02,14.62,21.61,558.01,2388.21,9076.24,246
57,42.0079,0.842,100.0,518.67,1.3,47.83,521.91,2388.24,8140.09,10.9625,0.03,395,2388,100.0,643.45,39.01,23.4146,1597.51,1416.12,14.62,21.61,553.68,2388.18,9063.51,42.008,0.842,100.0,518.67,1.3,47.93,525.54,2388.31,8154.85,10.9741,0.03,396,2388,100.0,643.51,39.36,23.6432,1601.12,1420.02,14.62,21.61,558.01,2388.21,9076.24,92
58,42.0077,0.842,100.0,518.67,1.3,47.26,522.42,2388.1,8140.66,10.8923,0.03,392,2388,100.0,642.34,39.17,23.49,1589.35,1398.35,14.62,21.59,554.51,2388.02,9056.86,42.008,0.842,100.0,518.67,1.3,47.93,525.54,2388.31,8154.85,10.9741,0.03,396,2388,100.0,643.51,39.36,23.6432,1601.12,1420.02,14.62,21.61,558.01,2388.21,9076.24,180
59,42.0079,0.8419,100.0,518.67,1.3,47.54,522.33,2388.21,8147.52,10.9223,0.03,393,2388,100.0,642.89,39.14,23.5012,1593.19,1412.19,14.62,21.61,554.56,2388.13,9077.22,42.008,0.842,100.0,518.67,1.3,47.93,525.54,2388.31,8154.85,10.9741,0.03,396,2388,100.0,643.51,39.36,23.6432,1601.12,1420.02,14.62,21.61,558.01,2388.21,9077.22,76
60,42.0073,0.842,100.0,518.67,1.3,47.55,522.84,2388.17,8147.04,10.9169,0.03,394,2388,100.0,643.11,39.3,23.5042,1592.71,1409.53,14.62,21.61,554.78,2388.11,9066.87,42.008,0.842,100.0,518.67,1.3,47.93,525.54,2388.31,8154.85,10.9741,0.03,396,2388,100.0,643.51,39.36,23.6432,1601.12,1420.02,14.62,21.61,558.01,2388.21,9077.22,117
61,42.0078,0.8419,100.0,518.67,1.3,47.37,523.31,2388.25,8149.87,10.889,0.03,392,2388,100.0,642.57,39.17,23.4993,1590.63,1401.96,14.62,21.61,555.17,2388.06,9070.35,42.008,0.842,100.0,518.67,1.3,47.93,525.54,2388.31,8154.85,10.9741,0.03,396,2388,100.0,643.51,39.36,23.6432,1601.12,1420.02,14.62,21.61,558.01,2388.21,9077.22,143
62,42.0079,0.842,100.0,518.67,1.3,47.19,521.45,2388.06,8136.69,10.9036,0.03,392,2388,100.0,642.0,39.15,23.4526,1587.53,1401.29,14.62,21.59,553.65,2388.0,9054.05,42.008,0.842,100.0,518.67,1.3,47.93,525.54,2388.31,8154.85,10.9741,0.03,396,2388,100.0,643.51,39.36,23.6432,1601.12,1420.02,14.62,21.61,558.01,2388.21,9077.22,196
63,42.0072,0.8418,100.0,518.67,1.3,47.52,522.76,2388.45,8163.77,10.9155,0.03,393,2388,100.0,642.7,39.09,23.501,1593.88,1406.91,14.62,21.61,555.19,2388.06,9079.48,42.008,0.842,100.0,518.67,1.3,47.93,525.54,2388.45,8163.77,10.9741,0.03,396,2388,100.0,643.51,39.36,23.6432,1601.12,1420.02,14.62,21.61,558.01,2388.21,9079.48,69
64,42.007,0.8419,100.0,518.67,1.3,47.55,522.4,2388.26,8150.28,10.9154,0.03,393,2388,100.0,642.66,39.11,23.4588,1592.14,1406.48,14.62,21.61,554.69,2388.11,9074.56,42.008,0.842,100.0,518.67,1.3,47.93,525.54,2388.45,8163.77,10.9741,0.03,396,2388,100.0,643.51,39.36,23.6432,1601.12,1420.02,14.62,21.61,558.01,2388.21,9079.48,83
65,42.0078,0.842,100.0,518.67,1.3,47.29,523.2,2388.05,8139.15,10.8784,0.03,392,2388,100.0,642.51,39.32,23.6279,1590.77,1402.79,14.62,21.6,555.42,2388.04,9060.88,42.008,0.842,100.0,518.67,1.3,47.93,525.54,2388.45,8163.77,10.9741,0.03,396,2388,100.0,643.51,39.36,23.6432,1601.12,1420.02,14.62,21.61,558.01,2388.21,9079.48,250
66,42.0078,0.8416,100.0,518.67,1.3,47.25,522.57,2388.06,8138.38,10.8845,0.03,392,2388,100.0,642.23,39.2,23.4796,1588.25,1403.41,14.62,21.59,555.43,2388.06,9056.18,42.008,0.842,100.0,518.67,1.3,47.93,525.54,2388.45,8163.77,10.9741,0.03,396,2388,100.0,643.51,39.36,23.6432,1601.12,1420.02,14.62,21.61,558.01,2388.21,9079.48,74
67,42.0077,0.8416,100.0,518.67,1.3,47.53,521.8,2388.2,8139.87,10.9441,0.03,394,2388,100.0,643.17,38.97,23.4113,1597.31,1410.96,14.62,21.61,554.56,2388.2,9059.14,42.008,0.842,100.0,518.67,1.3,47.93,525.54,2388.45,8163.77,10.9741,0.03,396,2388,100.0,643.51,39.36,23.6432,1601.12,1420.02,14.62,21.61,558.01,2388.21,9079.48,66
68,42.0074,0.8419,100.0,518.67,1.3,47.63,522.08,2388.31,8147.14,10.9288,0.03,395,2388,100.0,642.97,39.05,23.4854,1593.97,1416.41,14.62,21.61,554.41,2388.1,9069.79,42.008,0.842,100.0,518.67,1.3,47.93,525.54,2388.45,8163.77,10.9741,0.03,396,2388,100.0,643.51,39.36,23.6432,1601.12,1420.02,14.62,21.61,558.01,2388.21,9079.48,62
69,42.007,0.8418,100.0,518.67,1.3,47.41,520.51,2388.05,8130.98,10.9182,0.03,391,2388,100.0,642.69,39.11,23.3996,1586.8,1408.78,14.62,21.58,553.05,2387.94,9051.1,42.008,0.842,100.0,518.67,1.3,47.93,525.54,2388.45,8163.77,10.9741,0.03,396,2388,100.0,643.51,39.36,23.6432,1601.12,1420.02,14.62,21.61,558.01,2388.21,9079.48,125
70,42.0074,0.8419,100.0,518.67,1.3,47.44,522.89,2388.29,8154.39,10.9354,0.03,394,2388,100.0,642.9,39.12,23.5078,1591.17,1411.24,14.62,21.61,554.91,2388.04,9074.32,42.008,0.842,100.0,518.67,1.3,47.93,525.54,2388.45,8163.77,10.9741,0.03,396,2388,100.0,643.51,39.36,23.6432,1601.12,1420.02,14.62,21.61,558.01,2388.21,9079.48,84
71,42.0079,0.8419,100.0,518.67,1.3,47.38,525.5,2388.21,8151.09,10.8659,0.03,393,2388,100.0,642.78,39.3,23.5584,1591.58,1405.77,14.62,21.6,557.52,2388.15,9065.24,42.008,0.842,100.0,518.67,1.3,47.93,525.54,2388.45,8163.77,10.9741,0.03,396,2388,100.0,643.51,39.36,23.6432,1601.12,1420.02,14.62,21.61,558.01,2388.21,9079.48,211
72,42.0079,0.842,100.0,518.67,1.3,47.41,522.62,2388.13,8139.24,10.9122,0.03,394,2388,100.0,642.61,39.2,23.476,1593.57,1406.65,14.62,21.61,555.18,2388.09,9054.92,42.008,0.842,100.0,518.67,1.3,47.93,525.54,2388.45,8163.77,10.9741,0.03,396,2388,100.0,643.51,39.36,23.6432,1601.12,1420.02,14.62,21.61,558.01,2388.21,9079.48,207
73,42.0078,0.8418,100.0,518.67,1.3,47.65,522.02,2388.27,8127.74,10.9437,0.03,394,2388,100.0,643.4,38.99,23.4599,1599.88,1413.8,14.62,21.61,554.26,2388.16,9049.58,42.008,0.842,100.0,518.67,1.3,47.93,525.54,2388.45,8163.77,10.9741,0.03,396,2388,100.0,643.51,39.36,23.6432,1601.12,1420.02,14.62,21.61,558.01,2388.21,9079.48,80
74,42.008,0.8418,100.0,518.67,1.3,47.38,522.76,2388.1,8141.41,10.8958,0.03,393,2388,100.0,642.75,39.2,23.5048,1593.02,1403.25,14.62,21.61,555.15,2388.09,9059.92,42.008,0.842,100.0,518.67,1.3,47.93,525.54,2388.45,8163.77,10.9741,0.03,396,2388,100.0,643.51,39.36,23.6432,1601.12,1420.02,14.62,21.61,558.01,2388.21,9079.48,143
75,42.0077,0.8418,100.0,518.67,1.3,47.66,521.85,2388.24,8145.4,10.9393,0.03,395,2388,100.0,643.11,38.9,23.3675,1595.83,1419.14,14.62,21.61,554.01,2388.18,9064.94,42.008,0.842,100.0,518.67,1.3,47.93,525.54,2388.45,8163.77,10.9741,0.03,396,2388,100.0,643.51,39.36,23.6432,1601.12,1420.02,14.62,21.61,558.01,2388.21,9079.48,129
76,42.008,0.842,100.0,518.67,1.3,47.82,522.14,2388.2,8139.96,10.9416,0.03,394,2388,100.0,643.31,39.03,23.3921,1595.49,1420.8,14.62,21.61,554.6,2388.16,9058.63,42.008,0.842,100.0,518.67,1.3,47.93,525.54,2388.45,8163.77,10.9741,0.03,396,2388,100.0,643.51,39.36,23.6432,1601.12,1420.8,14.62,21.61,558.01,2388.21,9079.48,51
77,42.0078,0.8419,100.0,518.67,1.3,47.69,522.58,2388.28,8132.94,10.9287,0.03,394,2388,100.0,643.17,39.1,23.4705,1603.11,1408.43,14.62,21.61,554.46,2388.15,9057.74,42.008,0.842,100.0,518.67,1.3,47.93,525.54,2388.45,8163.77,10.9741,0.03,396,2388,100.0,643.51,39.36,23.6432,1603.11,1420.8,14.62,21.61,558.01,2388.21,9079.48,47
78,42.0079,0.842,100.0,518.67,1.3,47.3,523.69,2388.11,8145.33,10.8523,0.03,393,2388,100.0,642.92,39.34,23.5723,1589.22,1402.48,14.62,21.6,556.08,2388.08,9060.81,42.008,0.842,100.0,518.67,1.3,47.93,525.54,2388.45,8163.77,10.9741,0.03,396,2388,100.0,643.51,39.36,23.6432,1603.11,1420.8,14.62,21.61,558.01,2388.21,9079.48,149
79,42.0078,0.842,100.0,518.67,1.3,47.18,522.22,2388.07,8139.26,10.8921,0.03,393,2388,100.0,642.46,39.25,23.5094,1589.42,1400.89,14.62,21.6,554.99,2388.04,9055.82,42.008,0.842,100.0,518.67,1.3,47.93,525.54,2388.45,8163.77,10.9741,0.03,396,2388,100.0,643.51,39.36,23.6432,1603.11,1420.8,14.62,21.61,558.01,2388.21,9079.48,117
80,42.0079,0.8418,100.0,518.67,1.3,47.29,523.35,2388.09,8139.11,10.8724,0.03,393,2388,100.0,642.44,39.21,23.5517,1590.74,1402.1,14.62,21.6,555.9,2388.04,9060.18,42.008,0.842,100.0,518.67,1.3,47.93,525.54,2388.45,8163.77,10.9741,0.03,396,2388,100.0,643.51,39.36,23.6432,1603.11,1420.8,14.62,21.61,558.01,2388.21,9079.48,204
81,42.0076,0.8419,100.0,518.67,1.3,47.5,522.4,2388.2,8142.83,10.9177,0.03,394,2388,100.0,643.07,38.96,23.4763,1595.46,1414.36,14.62,21.61,554.47,2388.12,9066.58,42.008,0.842,100.0,518.67,1.3,47.93,525.54,2388.45,8163.77,10.9741,0.03,396,2388,100.0,643.51,39.36,23.6432,1603.11,1420.8,14.62,21.61,558.01,2388.21,9079.48,86
82,42.0071,0.8417,100.0,518.67,1.3,47.7,521.82,2388.26,8143.32,10.9569,0.03,395,2388,100.0,643.38,39.0,23.3281,1597.19,1417.62,14.62,21.61,554.35,2388.17,9069.27,42.008,0.842,100.0,518.67,1.3,47.93,525.54,2388.45,8163.77,10.9741,0.03,396,2388,100.0,643.51,39.36,23.6432,1603.11,1420.8,14.62,21.61,558.01,2388.21,9079.48,96
83,42.0078,0.8419,100.0,518.67,1.3,47.46,522.58,2388.18,8137.28,10.899,0.03,394,2388,100.0,642.87,39.13,23.44,1592.95,1411.17,14.62,21.61,554.65,2388.11,9056.4,42.008,0.842,100.0,518.67,1.3,47.93,525.54,2388.45,8163.77,10.9741,0.03,396,2388,100.0,643.51,39.36,23.6432,1603.11,1420.8,14.62,21.61,558.01,2388.21,9079.48,83
84,42.0058,0.8418,100.0,518.67,1.3,47.59,522.26,2388.17,8143.66,10.9391,0.03,394,2388,100.0,642.85,39.11,23.4692,1594.05,1412.52,14.62,21.61,554.21,2388.17,9062.18,42.008,0.842,100.0,518.67,1.3,47.93,525.54,2388.45,8163.77,10.9741,0.03,396,2388,100.0,643.51,39.36,23.6432,1603.11,1420.8,14.62,21.61,558.01,2388.21,9079.48,58
85,42.0073,0.842,100.0,518.67,1.3,47.77,521.94,2388.18,8144.27,10.9457,0.03,394,2388,100.0,643.03,39.1,23.3747,1598.17,1412.2,14.62,21.61,554.06,2388.12,9066.72,42.008,0.842,100.0,518.67,1.3,47.93,525.54,2388.45,8163.77,10.9741,0.03,396,2388,100.0,643.51,39.36,23.6432,1603.11,1420.8,14.62,21.61,558.01,2388.21,9079.48,176
86,42.0077,0.8419,100.0,518.67,1.3,47.64,521.96,2388.18,8147.54,10.9363,0.03,394,2388,100.0,642.99,39.02,23.4867,1598.6,1412.9,14.62,21.61,554.35,2388.15,9067.36,42.008,0.842,100.0,518.67,1.3,47.93,525.54,2388.45,8163.77,10.9741,0.03,396,2388,100.0,643.51,39.36,23.6432,1603.11,1420.8,14.62,21.61,558.01,2388.21,9079.48,131
87,42.0078,0.8419,100.0,518.67,1.3,47.43,525.42,2388.21,8151.5,10.8489,0.03,394,2388,100.0,642.84,39.4,23.6456,1593.48,1405.74,14.62,21.61,557.73,2388.14,9067.78,42.008,0.842,100.0,518.67,1.3,47.93,525.54,2388.45,8163.77,10.9741,0.03,396,2388,100.0,643.51,39.4,23.6456,1603.11,1420.8,14.62,21.61,558.01,2388.21,9079.48,158
88,42.0075,0.842,100.0,518.67,1.3,47.28,519.47,2388.03,8128.89,10.9271,0.03,392,2388,100.0,642.73,38.99,23.4628,1591.72,1403.86,14.62,21.57,551.8,2388.0,9044.97,42.008,0.842,100.0,518.67,1.3,47.93,525.54,2388.45,8163.77,10.9741,0.03,396,2388,100.0,643.51,39.4,23.6456,1603.11,1420.8,14.62,21.61,558.01,2388.21,9079.48,287
89,42.008,0.842,100.0,518.67,1.3,47.52,522.88,2388.23,8148.05,10.9086,0.03,394,2388,100.0,642.83,39.02,23.4253,1599.89,1411.52,14.62,21.61,554.73,2388.11,9065.26,42.008,0.842,100.0,518.67,1.3,47.93,525.54,2388.45,8163.77,10.9741,0.03,396,2388,100.0,643.51,39.4,23.6456,1603.11,1420.8,14.62,21.61,558.01,2388.21,9079.48,67
90,42.0077,0.842,100.0,518.67,1.3,47.53,522.38,2388.24,8145.57,10.891,0.03,393,2388,100.0,642.8,39.09,23.4537,1590.24,1408.54,14.62,21.61,554.7,2388.12,9070.36,42.008,0.842,100.0,518.67,1.3,47.93,525.54,2388.45,8163.77,10.9741,0.03,396,2388,100.0,643.51,39.4,23.6456,1603.11,1420.8,14.62,21.61,558.01,2388.21,9079.48,111
91,42.008,0.842,100.0,518.67,1.3,47.37,523.98,2388.1,8145.28,10.8642,0.03,393,2388,100.0,642.59,39.39,23.6115,1589.21,1401.56,14.62,21.6,556.17,2388.05,9063.75,42.008,0.842,100.0,518.67,1.3,47.93,525.54,2388.45,8163.77,10.9741,0.03,396,2388,100.0,643.51,39.4,23.6456,1603.11,1420.8,14.62,21.61,558.01,2388.21,9079.48,253
92,42.0075,0.842,100.0,518.67,1.3,47.7,521.72,2388.19,8143.24,10.9309,0.03,395,2388,100.0,643.18,39.06,23.4079,1596.74,1418.88,14.62,21.61,553.59,2388.16,9064.04,42.008,0.842,100.0,518.67,1.3,47.93,525.54,2388.45,8163.77,10.9741,0.03,396,2388,100.0,643.51,39.4,23.6456,1603.11,1420.8,14.62,21.61,558.01,2388.21,9079.48,90
93,42.0078,0.8419,100.0,518.67,1.3,47.67,521.94,2388.24,8146.82,10.9498,0.03,395,2388,100.0,643.3,39.02,23.4168,1598.62,1419.63,14.62,21.61,553.98,2388.15,9070.99,42.008,0.842,100.0,518.67,1.3,47.93,525.54,2388.45,8163.77,10.9741,0.03,396,2388,100.0,643.51,39.4,23.6456,1603.11,1420.8,14.62,21.61,558.01,2388.21,9079.48,95
94,42.0079,0.842,100.0,518.67,1.3,47.36,523.75,2388.1,8142.78,10.8724,0.03,394,2388,100.0,642.75,39.29,23.5135,1589.25,1401.06,14.62,21.6,556.02,2388.08,9058.28,42.008,0.842,100.0,518.67,1.3,47.93,525.54,2388.45,8163.77,10.9741,0.03,396,2388,100.0,643.51,39.4,23.6456,1603.11,1420.8,14.62,21.61,558.01,2388.21,9079.48,148
95,42.0079,0.8419,100.0,518.67,1.3,47.33,523.28,2388.1,8145.1,10.8774,0.03,392,2388,100.0,642.44,39.25,23.5291,1592.24,1404.31,14.62,21.6,555.3,2388.01,9062.13,42.008,0.842,100.0,518.67,1.3,47.93,525.54,2388.45,8163.77,10.9741,0.03,396,2388,100.0,643.51,39.4,23.6456,1603.11,1420.8,14.62,21.61,558.01,2388.21,9079.48,138
96,42.0076,0.842,100.0,518.67,1.3,47.26,522.8,2388.09,8137.19,10.8903,0.03,393,2388,100.0,642.31,39.25,23.5214,1586.39,1405.73,14.62,21.61,555.42,2388.04,9056.35,42.008,0.842,100.0,518.67,1.3,47.93,525.54,2388.45,8163.77,10.9741,0.03,396,2388,100.0,643.51,39.4,23.6456,1603.11,1420.8,14.62,21.61,558.01,2388.21,9079.48,169
97,42.0075,0.842,100.0,518.67,1.3,47.4,524.79,2388.15,8146.89,10.8357,0.03,393,2388,100.0,642.68,39.29,23.5595,1591.85,1406.24,14.62,21.6,557.29,2388.11,9067.83,42.008,0.842,100.0,518.67,1.3,47.93,525.54,2388.45,8163.77,10.9741,0.03,396,2388,100.0,643.51,39.4,23.6456,1603.11,1420.8,14.62,21.61,558.01,2388.21,9079.48,161
98,42.0079,0.8419,100.0,518.67,1.3,47.5,522.64,2388.19,8146.08,10.9059,0.03,395,2388,100.0,642.86,39.25,23.4545,1593.45,1407.32,14.62,21.61,554.84,2388.08,9068.02,42.008,0.842,100.0,518.67,1.3,47.93,525.54,2388.45,8163.77,10.9741,0.03,396,2388,100.0,643.51,39.4,23.6456,1603.11,1420.8,14.62,21.61,558.01,2388.21,9079.48,144
99,42.0076,0.8419,100.0,518.67,1.3,47.64,522.0,2388.21,8141.56,10.9438,0.03,394,2388,100.0,642.63,39.0,23.4347,1596.82,1414.54,14.62,21.61,554.11,2388.17,9057.52,42.008,0.842,100.0,518.67,1.3,47.93,525.54,2388.45,8163.77,10.9741,0.03,396,2388,100.0,643.51,39.4,23.6456,1603.11,1420.8,14.62,21.61,558.01,2388.21,9079.48,66
100,42.0079,0.842,100.0,518.67,1.3,47.31,521.92,2388.12,8142.48,10.8843,0.03,392,2388,100.0,642.51,39.14,23.5177,1586.65,1402.64,14.62,21.58,554.15,2388.01,9056.02,42.008,0.842,100.0,518.67,1.3,47.93,525.54,2388.45,8163.77,10.9741,0.03,396,2388,100.0,643.51,39.4,23.6456,1603.11,1420.8,14.62,21.61,558.01,2388.21,9079.48,160
101,42.0079,0.842,100.0,518.67,1.3,47.6,522.43,2388.14,8132.6,10.9054,0.03,394,2388,100.0,642.68,39.14,23.46,1594.41,1412.63,14.62,21.61,554.48,2388.17,9050.23,42.008,0.842,100.0,518.67,1.3,47.93,525.54,2388.45,8163.77,10.9741,0.03,396,2388,100.0,643.51,39.4,23.6456,1603.11,1420.8,14.62,21.61,558.01,2388.21,9079.48,159
102,42.0078,0.8418,100.0,518.67,1.3,47.69,521.81,2388.24,8134.42,10.933,0.03,395,2388,100.0,643.19,39.01,23.4196,1597.14,1416.44,14.62,21.61,554.17,2388.21,9052.84,42.008,0.842,100.0,518.67,1.3,47.93,525.54,2388.45,8163.77,10.9741,0.03,396,2388,100.0,643.51,39.4,23.6456,1603.11,1420.8,14.62,21.61,558.01,2388.21,9079.48,93
103,42.0072,0.8419,100.0,518.67,1.3,47.81,521.86,2388.24,8128.75,10.9689,0.03,394,2388,100.0,643.74,38.92,23.328,1597.15,1417.23,14.62,21.61,553.89,2388.19,9046.59,42.008,0.842,100.0,518.67,1.3,47.93,525.54,2388.45,8163.77,10.9741,0.03,396,2388,100.0,643.74,39.4,23.6456,1603.11,1420.8,14.62,21.61,558.01,2388.21,9079.48,123
104,42.0079,0.842,100.0,518.67,1.3,47.36,521.82,2388.07,8139.77,10.8995,0.03,393,2388,100.0,642.33,39.19,23.5187,1589.23,1402.43,14.62,21.58,554.25,2388.0,9056.56,42.008,0.842,100.0,518.67,1.3,47.93,525.54,2388.45,8163.77,10.9741,0.03,396,2388,100.0,643.74,39.4,23.6456,1603.11,1420.8,14.62,21.61,558.01,2388.21,9079.48,102
105,42.0076,0.842,100.0,518.67,1.3,47.44,522.61,2388.29,8152.98,10.8996,0.03,394,2388,100.0,642.8,39.22,23.4897,1594.96,1405.36,14.62,21.61,555.25,2388.07,9073.38,42.008,0.842,100.0,518.67,1.3,47.93,525.54,2388.45,8163.77,10.9741,0.03,396,2388,100.0,643.74,39.4,23.6456,1603.11,1420.8,14.62,21.61,558.01,2388.21,9079.48,69
106,42.0079,0.842,100.0,518.67,1.3,47.35,523.01,2388.22,8149.73,10.8919,0.03,394,2388,100.0,642.73,39.22,23.5243,1587.24,1399.76,14.62,21.61,554.93,2388.03,9070.11,42.008,0.842,100.0,518.67,1.3,47.93,525.54,2388.45,8163.77,10.9741,0.03,396,2388,100.0,643.74,39.4,23.6456,1603.11,1420.8,14.62,21.61,558.01,2388.21,9079.48,165
107,42.0075,0.842,100.0,518.67,1.3,47.57,522.61,2388.24,8153.46,10.9252,0.03,394,2388,100.0,642.97,39.05,23.5028,1593.4,1413.38,14.62,21.61,554.79,2388.1,9072.27,42.008,0.842,100.0,518.67,1.3,47.93,525.54,2388.45,8163.77,10.9741,0.03,396,2388,100.0,643.74,39.4,23.6456,1603.11,1420.8,14.62,21.61,558.01,2388.21,9079.48,82
108,42.0076,0.8418,100.0,518.67,1.3,47.36,525.03,2388.17,8148.93,10.8669,0.03,394,2388,100.0,642.53,39.29,23.5811,1593.48,1403.76,14.62,21.61,557.2,2388.11,9066.75,42.008,0.842,100.0,518.67,1.3,47.93,525.54,2388.45,8163.77,10.9741,0.03,396,2388,100.0,643.74,39.4,23.6456,1603.11,1420.8,14.62,21.61,558.01,2388.21,9079.48,203
109,42.0066,0.842,100.0,518.67,1.3,47.2,522.6,2388.05,8144.64,10.883,0.03,392,2388,100.0,642.3,39.41,23.503,1590.37,1400.09,14.62,21.6,555.05,2388.04,9057.18,42.008,0.842,100.0,518.67,1.3,47.93,525.54,2388.45,8163.77,10.9741,0.03,396,2388,100.0,643.74,39.41,23.6456,1603.11,1420.8,14.62,21.61,558.01,2388.21,9079.48,224
110,42.0076,0.8418,100.0,518.67,1.3,47.39,522.8,2388.25,8151.06,10.907,0.03,394,2388,100.0,642.86,39.08,23.4956,1593.94,1406.61,14.62,21.61,554.74,2388.09,9073.25,42.008,0.842,100.0,518.67,1.3,47.93,525.54,2388.45,8163.77,10.9741,0.03,396,2388,100.0,643.74,39.41,23.6456,1603.11,1420.8,14.62,21.61,558.01,2388.21,9079.48,85
111,42.0077,0.8419,100.0,518.67,1.3,47.4,523.28,2388.1,8143.56,10.8716,0.03,392,2388,100.0,642.48,39.25,23.5171,1595.25,1402.17,14.62,21.61,555.44,2388.08,9059.21,42.008,0.842,100.0,518.67,1.3,47.93,525.54,2388.45,8163.77,10.9741,0.03,396,2388,100.0,643.74,39.41,23.6456,1603.11,1420.8,14.62,21.61,558.01,2388.21,9079.48,196
112,42.0078,0.8419,100.0,518.67,1.3,47.54,522.37,2388.27,8150.59,10.895,0.03,393,2388,100.0,642.61,39.06,23.4961,1591.26,1409.68,14.62,21.61,554.39,2388.07,9068.12,42.008,0.842,100.0,518.67,1.3,47.93,525.54,2388.45,8163.77,10.9741,0.03,396,2388,100.0,643.74,39.41,23.6456,1603.11,1420.8,14.62,21.61,558.01,2388.21,9079.48,239
113,42.007,0.842,100.0,518.67,1.3,47.72,522.27,2388.18,8142.84,10.9427,0.03,395,2388,100.0,643.01,39.01,23.3932,1595.39,1412.67,14.62,21.61,554.52,2388.13,9067.69,42.008,0.842,100.0,518.67,1.3,47.93,525.54,2388.45,8163.77,10.9741,0.03,396,2388,100.0,643.74,39.41,23.6456,1603.11,1420.8,14.62,21.61,558.01,2388.21,9079.48,83
114,42.0079,0.8419,100.0,518.67,1.3,47.44,524.81,2388.19,8142.78,10.8722,0.03,393,2388,100.0,642.69,39.27,23.5848,1593.82,1405.96,14.62,21.61,556.7,2388.07,9062.55,42.008,0.842,100.0,518.67,1.3,47.93,525.54,2388.45,8163.77,10.9741,0.03,396,2388,100.0,643.74,39.41,23.6456,1603.11,1420.8,14.62,21.61,558.01,2388.21,9079.48,60
115,42.0079,0.842,100.0,518.67,1.3,47.85,521.85,2388.27,8123.84,10.9685,0.03,394,2388,100.0,643.51,38.95,23.3325,1596.41,1421.42,14.62,21.61,553.54,2388.23,9045.77,42.008,0.842,100.0,518.67,1.3,47.93,525.54,2388.45,8163.77,10.9741,0.03,396,2388,100.0,643.74,39.41,23.6456,1603.11,1421.42,14.62,21.61,558.01,2388.23,9079.48,30
116,42.0072,0.8419,100.0,518.67,1.3,47.24,520.84,2388.09,8137.28,10.9073,0.03,392,2388,100.0,642.53,39.13,23.4564,1589.37,1402.34,14.62,21.58,553.42,2387.98,9051.36,42.008,0.842,100.0,518.67,1.3,47.93,525.54,2388.45,8163.77,10.9741,0.03,396,2388,100.0,643.74,39.41,23.6456,1603.11,1421.42,14.62,21.61,558.01,2388.23,9079.48,243
117,42.0079,0.842,100.0,518.67,1.3,47.4,524.45,2388.15,8148.17,10.8756,0.03,392,2388,100.0,642.73,39.22,23.5553,1591.35,1401.85,14.62,21.6,556.8,2388.11,9062.42,42.008,0.842,100.0,518.67,1.3,47.93,525.54,2388.45,8163.77,10.9741,0.03,396,2388,100.0,643.74,39.41,23.6456,1603.11,1421.42,14.62,21.61,558.01,2388.23,9079.48,241
118,42.0077,0.8413,100.0,518.67,1.3,47.34,523.86,2388.12,8148.68,10.8467,0.03,393,2388,100.0,642.55,39.26,23.586,1593.17,1407.6,14.62,21.6,556.83,2388.15,9064.45,42.008,0.842,100.0,518.67,1.3,47.93,525.54,2388.45,8163.77,10.9741,0.03,396,2388,100.0,643.74,39.41,23.6456,1603.11,1421.42,14.62,21.61,558.01,2388.23,9079.48,442
119,42.0079,0.842,100.0,518.67,1.3,47.67,522.0,2388.2,8142.16,10.9303,0.03,394,2388,100.0,643.18,39.11,23.4951,1596.48,1410.97,14.62,21.61,554.41,2388.15,9067.2,42.008,0.842,100.0,518.67,1.3,47.93,525.54,2388.45,8163.77,10.9741,0.03,396,2388,100.0,643.74,39.41,23.6456,1603.11,1421.42,14.62,21.61,558.01,2388.23,9079.48,86
120,42.0075,0.8419,100.0,518.67,1.3,47.5,522.58,2388.13,8144.25,10.91,0.03,394,2388,100.0,642.67,39.13,23.4576,1593.92,1409.03,14.62,21.61,554.88,2388.11,9066.86,42.008,0.842,100.0,518.67,1.3,47.93,525.54,2388.45,8163.77,10.9741,0.03,396,2388,100.0,643.74,39.41,23.6456,1603.11,1421.42,14.62,21.61,558.01,2388.23,9079.48,76
121,42.008,0.8419,100.0,518.67,1.3,47.57,522.61,2388.18,8145.59,10.9291,0.03,394,2388,100.0,643.02,39.04,23.4672,1594.85,1410.38,14.62,21.61,554.21,2388.12,9063.83,42.008,0.842,100.0,518.67,1.3,47.93,525.54,2388.45,8163.77,10.9741,0.03,396,2388,100.0,643.74,39.41,23.6456,1603.11,1421.42,14.62,21.61,558.01,2388.23,9079.48,93
122,42.0078,0.8419,100.0,518.67,1.3,47.59,522.17,2388.18,8134.54,10.925,0.03,394,2388,100.0,643.02,39.07,23.4738,1589.35,1413.46,14.62,21.61,554.7,2388.12,9053.89,42.008,0.842,100.0,518.67,1.3,47.93,525.54,2388.45,8163.77,10.9741,0.03,396,2388,100.0,643.74,39.41,23.6456,1603.11,1421.42,14.62,21.61,558.01,2388.23,9079.48,73
123,42.0075,0.8418,100.0,518.67,1.3,47.65,521.97,2388.22,8129.04,10.9458,0.03,394,2388,100.0,643.13,39.01,23.3665,1594.58,1415.05,14.62,21.61,553.85,2388.17,9057.03,42.008,0.842,100.0,518.67,1.3,47.93,525.54,2388.45,8163.77,10.9741,0.03,396,2388,100.0,643.74,39.41,23.6456,1603.11,1421.42,14.62,21.61,558.01,2388.23,9079.48,125
124,42.0076,0.8419,100.0,518.67,1.3,47.66,522.79,2388.17,8137.93,10.9221,0.03,395,2388,100.0,643.02,38.99,23.3884,1596.7,1420.02,14.62,21.61,553.99,2388.18,9055.08,42.008,0.842,100.0,518.67,1.3,47.93,525.54,2388.45,8163.77,10.9741,0.03,396,2388,100.0,643.74,39.41,23.6456,1603.11,1421.42,14.62,21.61,558.01,2388.23,9079.48,69
125,42.0076,0.8418,100.0,518.67,1.3,47.41,525.73,2388.22,8152.12,10.8666,0.03,394,2388,100.0,642.49,39.28,23.6145,1588.23,1403.74,14.62,21.61,557.56,2388.15,9067.53,42.008,0.842,100.0,518.67,1.3,47.93,525.73,2388.45,8163.77,10.9741,0.03,396,2388,100.0,643.74,39.41,23.6456,1603.11,1421.42,14.62,21.61,558.01,2388.23,9079.48,138
126,42.0078,0.842,100.0,518.67,1.3,47.27,521.77,2388.1,8139.87,10.8957,0.03,392,2388,100.0,642.41,39.23,23.4834,1588.48,1405.65,14.62,21.58,554.24,2388.02,9059.17,42.008,0.842,100.0,518.67,1.3,47.93,525.73,2388.45,8163.77,10.9741,0.03,396,2388,100.0,643.74,39.41,23.6456,1603.11,1421.42,14.62,21.61,558.01,2388.23,9079.48,201
127,42.0077,0.842,100.0,518.67,1.3,47.29,522.69,2388.09,8140.59,10.8667,0.03,393,2388,100.0,642.41,39.23,23.5724,1588.08,1401.31,14.62,21.6,554.86,2388.03,9057.51,42.008,0.842,100.0,518.67,1.3,47.93,525.73,2388.45,8163.77,10.9741,0.03,396,2388,100.0,643.74,39.41,23.6456,1603.11,1421.42,14.62,21.61,558.01,2388.23,9079.48,134
128,42.0078,0.8417,100.0,518.67,1.3,47.5,525.97,2388.3,8151.76,10.8234,0.03,394,2388,100.0,643.17,39.39,23.6472,1594.87,1406.48,14.62,21.61,558.44,2388.14,9073.18,42.008,0.842,100.0,518.67,1.3,47.93,525.97,2388.45,8163.77,10.9741,0.03,396,2388,100.0,643.74,39.41,23.6472,1603.11,1421.42,14.62,21.61,558.44,2388.23,9079.48,147
129,42.0072,0.8419,100.0,518.67,1.3,47.66,522.22,2388.19,8140.49,10.9233,0.03,394,2388,100.0,643.21,39.05,23.4131,1598.49,1409.66,14.62,21.61,554.29,2388.11,9056.9,42.008,0.842,100.0,518.67,1.3,47.93,525.97,2388.45,8163.77,10.9741,0.03,396,2388,100.0,643.74,39.41,23.6472,1603.11,1421.42,14.62,21.61,558.44,2388.23,9079.48,89
130,42.008,0.8418,100.0,518.67,1.3,47.38,522.61,2388.29,8149.51,10.9082,0.03,394,2388,100.0,642.88,39.16,23.518,1597.13,1406.5,14.62,21.61,554.72,2388.08,9069.42,42.008,0.842,100.0,518.67,1.3,47.93,525.97,2388.45,8163.77,10.9741,0.03,396,2388,100.0,643.74,39.41,23.6472,1603.11,1421.42,14.62,21.61,558.44,2388.23,9079.48,65
131,42.0078,0.8418,100.0,518.67,1.3,47.24,523.02,2388.11,8141.88,10.8667,0.03,393,2388,100.0,642.44,39.35,23.6161,1587.87,1406.4,14.62,21.6,555.58,2388.04,9061.48,42.008,0.842,100.0,518.67,1.3,47.93,525.97,2388.45,8163.77,10.9741,0.03,396,2388,100.0,643.74,39.41,23.6472,1603.11,1421.42,14.62,21.61,558.44,2388.23,9079.48,269
132,42.0073,0.842,100.0,518.67,1.3,47.22,521.47,2388.08,8140.07,10.8942,0.03,394,2388,100.0,642.48,39.05,23.474,1587.37,1402.84,14.62,21.58,553.86,2388.0,9059.89,42.008,0.842,100.0,518.67,1.3,47.93,525.97,2388.45,8163.77,10.9741,0.03,396,2388,100.0,643.74,39.41,23.6472,1603.11,1421.42,14.62,21.61,558.44,2388.23,9079.48,153
133,42.0078,0.842,100.0,518.67,1.3,47.4,520.14,2388.04,8138.39,10.9106,0.03,392,2388,100.0,642.76,39.03,23.4463,1585.74,1403.23,14.62,21.58,552.59,2387.92,9041.28,42.008,0.842,100.0,518.67,1.3,47.93,525.97,2388.45,8163.77,10.9741,0.03,396,2388,100.0,643.74,39.41,23.6472,1603.11,1421.42,14.62,21.61,558.44,2388.23,9079.48,388
134,42.0076,0.8419,100.0,518.67,1.3,47.3,523.06,2388.32,8157.61,10.9039,0.03,392,2388,100.0,642.32,39.17,23.5208,1589.56,1408.63,14.62,21.61,555.37,2388.07,9072.72,42.008,0.842,100.0,518.67,1.3,47.93,525.97,2388.45,8163.77,10.9741,0.03,396,2388,100.0,643.74,39.41,23.6472,1603.11,1421.42,14.62,21.61,558.44,2388.23,9079.48,146
135,42.0077,0.8419,100.0,518.67,1.3,47.78,521.53,2388.29,8126.19,10.9408,0.03,395,2388,100.0,643.17,39.01,23.4885,1599.07,1415.34,14.62,21.61,553.8,2388.2,9053.01,42.008,0.842,100.0,518.67,1.3,47.93,525.97,2388.45,8163.77,10.9741,0.03,396,2388,100.0,643.74,39.41,23.6472,1603.11,1421.42,14.62,21.61,558.44,2388.23,9079.48,48
136,42.0078,0.842,100.0,518.67,1.3,47.4,521.07,2388.03,8137.54,10.9104,0.03,391,2388,100.0,642.57,39.11,23.4111,1582.9,1405.54,14.62,21.59,553.01,2387.96,9047.63,42.008,0.842,100.0,518.67,1.3,47.93,525.97,2388.45,8163.77,10.9741,0.03,396,2388,100.0,643.74,39.41,23.6472,1603.11,1421.42,14.62,21.61,558.44,2388.23,9079.48,104
137,42.0078,0.8418,100.0,518.67,1.3,47.49,522.6,2388.12,8143.67,10.9125,0.03,394,2388,100.0,642.8,39.13,23.4636,1592.67,1410.57,14.62,21.61,554.65,2388.1,9062.17,42.008,0.842,100.0,518.67,1.3,47.93,525.97,2388.45,8163.77,10.9741,0.03,396,2388,100.0,643.74,39.41,23.6472,1603.11,1421.42,14.62,21.61,558.44,2388.23,9079.48,124
138,42.0074,0.842,100.0,518.67,1.3,47.67,522.79,2388.21,8137.51,10.9294,0.03,395,2388,100.0,643.27,39.01,23.4089,1597.02,1417.11,14.62,21.61,554.63,2388.18,9066.92,42.008,0.842,100.0,518.67,1.3,47.93,525.97,2388.45,8163.77,10.9741,0.03,396,2388,100.0,643.74,39.41,23.6472,1603.11,1421.42,14.62,21.61,558.44,2388.23,9079.48,77
139,42.0079,0.8419,100.0,518.67,1.3,47.38,523.11,2388.28,8152.19,10.888,0.03,393,2388,100.0,642.65,39.21,23.5069,1589.16,1401.21,14.62,21.61,555.15,2388.05,9070.29,42.008,0.842,100.0,518.67,1.3,47.93,525.97,2388.45,8163.77,10.9741,0.03,396,2388,100.0,643.74,39.41,23.6472,1603.11,1421.42,14.62,21.61,558.44,2388.23,9079.48,150
140,42.0078,0.8419,100.0,518.67,1.3,47.4,524.97,2388.14,8146.29,10.8624,0.03,394,2388,100.0,642.67,39.22,23.5555,1589.83,1405.24,14.62,21.6,557.12,2388.06,9062.95,42.008,0.842,100.0,518.67,1.3,47.93,525.97,2388.45,8163.77,10.9741,0.03,396,2388,100.0,643.74,39.41,23.6472,1603.11,1421.42,14.62,21.61,558.44,2388.23,9079.48,197
141,42.0063,0.842,100.0,518.67,1.3,47.74,521.55,2388.24,8138.51,10.9505,0.03,395,2388,100.0,643.41,39.01,23.3449,1596.44,1418.66,14.62,21.61,553.71,2388.17,9066.74,42.008,0.842,100.0,518.67,1.3,47.93,525.97,2388.45,8163.77,10.9741,0.03,396,2388,100.0,643.74,39.41,23.6472,1603.11,1421.42,14.62,21.61,558.44,2388.23,9079.48,98
142,42.008,0.842,100.0,518.67,1.3,47.41,522.79,2388.17,8144.07,10.9042,0.03,393,2388,100.0,642.76,39.21,23.5216,1591.08,1407.14,14.62,21.61,555.43,2388.1,9063.22,42.008,0.842,100.0,518.67,1.3,47.93,525.97,2388.45,8163.77,10.9741,0.03,396,2388,100.0,643.74,39.41,23.6472,1603.11,1421.42,14.62,21.61,558.44,2388.23,9079.48,108
143,42.0077,0.8419,100.0,518.67,1.3,47.53,522.45,2388.17,8142.43,10.9056,0.03,393,2388,100.0,643.07,39.12,23.467,1596.18,1409.55,14.62,21.61,554.61,2388.13,9065.59,42.008,0.842,100.0,518.67,1.3,47.93,525.97,2388.45,8163.77,10.9741,0.03,396,2388,100.0,643.74,39.41,23.6472,1603.11,1421.42,14.62,21.61,558.44,2388.23,9079.48,83
144,42.0071,0.8419,100.0,518.67,1.3,47.34,524.49,2388.15,8148.45,10.8734,0.03,393,2388,100.0,642.36,39.33,23.5579,1592.14,1401.11,14.62,21.6,556.8,2388.08,9064.84,42.008,0.842,100.0,518.67,1.3,47.93,525.97,2388.45,8163.77,10.9741,0.03,396,2388,100.0,643.74,39.41,23.6472,1603.11,1421.42,14.62,21.61,558.44,2388.23,9079.48,196
145,42.0074,0.8418,100.0,518.67,1.3,47.31,523.05,2388.35,8158.26,10.9207,0.03,392,2388,100.0,642.55,39.2,23.5072,1589.54,1408.38,14.62,21.61,555.37,2388.04,9073.32,42.008,0.842,100.0,518.67,1.3,47.93,525.97,2388.45,8163.77,10.9741,0.03,396,2388,100.0,643.74,39.41,23.6472,1603.11,1421.42,14.62,21.61,558.44,2388.23,9079.48,127
146,42.008,0.842,100.0,518.67,1.3,47.43,522.56,2388.13,8141.98,10.8916,0.03,394,2388,100.0,642.67,39.06,23.5253,1588.16,1407.09,14.62,21.61,554.57,2388.09,9058.72,42.008,0.842,100.0,518.67,1.3,47.93,525.97,2388.45,8163.77,10.9741,0.03,396,2388,100.0,643.74,39.41,23.6472,1603.11,1421.42,14.62,21.61,558.44,2388.23,9079.48,202
147,42.008,0.842,100.0,518.67,1.3,47.67,522.22,2388.2,8133.9,10.9357,0.03,394,2388,100.0,643.25,39.1,23.4132,1594.34,1417.21,14.62,21.61,554.11,2388.19,9050.01,42.008,0.842,100.0,518.67,1.3,47.93,525.97,2388.45,8163.77,10.9741,0.03,396,2388,100.0,643.74,39.41,23.6472,1603.11,1421.42,14.62,21.61,558.44,2388.23,9079.48,133
148,42.0079,0.8417,100.0,518.67,1.3,47.24,521.64,2388.06,8142.41,10.893,0.03,394,2388,100.0,642.68,39.24,23.5573,1586.69,1399.37,14.62,21.58,553.39,2387.97,9056.84,42.008,0.842,100.0,518.67,1.3,47.93,525.97,2388.45,8163.77,10.9741,0.03,396,2388,100.0,643.74,39.41,23.6472,1603.11,1421.42,14.62,21.61,558.44,2388.23,9079.48,92
149,42.0074,0.8419,100.0,518.67,1.3,47.44,524.97,2388.15,8148.83,10.865,0.03,394,2388,100.0,642.65,39.39,23.6066,1592.79,1408.82,14.62,21.6,557.32,2388.1,9069.0,42.008,0.842,100.0,518.67,1.3,47.93,525.97,2388.45,8163.77,10.9741,0.03,396,2388,100.0,643.74,39.41,23.6472,1603.11,1421.42,14.62,21.61,558.44,2388.23,9079.48,160
150,42.0075,0.8419,100.0,518.67,1.3,47.71,522.15,2388.18,8138.87,10.9297,0.03,395,2388,100.0,643.07,39.03,23.4547,1597.79,1414.39,14.62,21.61,554.34,2388.16,9056.15,42.008,0.842,100.0,518.67,1.3,47.93,525.97,2388.45,8163.77,10.9741,0.03,396,2388,100.0,643.74,39.41,23.6472,1603.11,1421.42,14.62,21.61,558.44,2388.23,9079.48,48
151,42.0076,0.8419,100.0,518.67,1.3,47.19,521.65,2388.09,8138.64,10.8791,0.03,392,2388,100.0,642.55,39.13,23.4557,1584.79,1405.38,14.62,21.58,554.17,2388.0,9054.92,42.008,0.842,100.0,518.67,1.3,47.93,525.97,2388.45,8163.77,10.9741,0.03,396,2388,100.0,643.74,39.41,23.6472,1603.11,1421.42,14.62,21.61,558.44,2388.23,9079.48,250
152,42.0079,0.8419,100.0,518.67,1.3,47.38,522.56,2388.27,8151.62,10.9368,0.03,394,2388,100.0,642.8,39.11,23.5147,1590.39,1411.47,14.62,21.61,554.9,2388.11,9073.63,42.008,0.842,100.0,518.67,1.3,47.93,525.97,2388.45,8163.77,10.9741,0.03,396,2388,100.0,643.74,39.41,23.6472,1603.11,1421.42,14.62,21.61,558.44,2388.23,9079.48,161
153,42.008,0.842,100.0,518.67,1.3,47.68,522.7,2388.19,8145.33,10.929,0.03,395,2388,100.0,642.81,39.12,23.4103,1594.87,1411.55,14.62,21.61,554.02,2388.12,9064.29,42.008,0.842,100.0,518.67,1.3,47.93,525.97,2388.45,8163.77,10.9741,0.03,396,2388,100.0,643.74,39.41,23.6472,1603.11,1421.42,14.62,21.61,558.44,2388.23,9079.48,67
154,42.0074,0.842,100.0,518.67,1.3,47.4,522.06,2388.05,8136.9,10.8914,0.03,393,2388,100.0,642.68,39.05,23.5217,1590.0,1405.26,14.62,21.58,553.7,2387.97,9052.25,42.008,0.842,100.0,518.67,1.3,47.93,525.97,2388.45,8163.77,10.9741,0.03,396,2388,100.0,643.74,39.41,23.6472,1603.11,1421.42,14.62,21.61,558.44,2388.23,9079.48,102
155,42.0079,0.842,100.0,518.67,1.3,47.31,522.05,2388.06,8140.1,10.8883,0.03,393,2388,100.0,642.33,39.16,23.5876,1591.47,1400.26,14.62,21.59,553.93,2388.02,9053.62,42.008,0.842,100.0,518.67,1.3,47.93,525.97,2388.45,8163.77,10.9741,0.03,396,2388,100.0,643.74,39.41,23.6472,1603.11,1421.42,14.62,21.61,558.44,2388.23,9079.48,194
156,42.0077,0.8419,100.0,518.67,1.3,47.66,522.7,2388.24,8130.83,10.9276,0.03,394,2388,100.0,643.14,39.1,23.4593,1595.65,1411.96,14.62,21.61,554.02,2388.17,9049.36,42.008,0.842,100.0,518.67,1.3,47.93,525.97,2388.45,8163.77,10.9741,0.03,396,2388,100.0,643.74,39.41,23.6472,1603.11,1421.42,14.62,21.61,558.44,2388.23,9079.48,38
157,42.0079,0.8419,100.0,518.67,1.3,47.14,519.72,2388.03,8132.01,10.9342,0.03,393,2388,100.0,642.23,39.08,23.4495,1584.37,1395.6,14.62,21.57,551.84,2388.01,9043.94,42.008,0.842,100.0,518.67,1.3,47.93,525.97,2388.45,8163.77,10.9741,0.03,396,2388,100.0,643.74,39.41,23.6472,1603.11,1421.42,14.62,21.61,558.44,2388.23,9079.48,197
158,42.0075,0.8419,100.0,518.67,1.3,47.47,525.19,2388.18,8151.1,10.8455,0.03,394,2388,100.0,642.93,39.36,23.5893,1591.12,1405.84,14.62,21.61,557.61,2388.13,9066.32,42.008,0.842,100.0,518.67,1.3,47.93,525.97,2388.45,8163.77,10.9741,0.03,396,2388,100.0,643.74,39.41,23.6472,1603.11,1421.42,14.62,21.61,558.44,2388.23,9079.48,298
159,42.0061,0.8418,100.0,518.67,1.3,47.46,519.59,2388.03,8126.84,10.9244,0.03,391,2388,100.0,642.85,39.01,23.3852,1585.12,1405.79,14.62,21.58,551.54,2387.82,9043.28,42.008,0.842,100.0,518.67,1.3,47.93,525.97,2388.45,8163.77,10.9741,0.03,396,2388,100.0,643.74,39.41,23.6472,1603.11,1421.42,14.62,21.61,558.44,2388.23,9079.48,187
160,42.0078,0.8419,100.0,518.67,1.3,47.61,522.59,2388.17,8144.37,10.9263,0.03,393,2388,100.0,643.19,39.19,23.4481,1591.4,1409.94,14.62,21.61,554.6,2388.1,9066.86,42.008,0.842,100.0,518.67,1.3,47.93,525.97,2388.45,8163.77,10.9741,0.03,396,2388,100.0,643.74,39.41,23.6472,1603.11,1421.42,14.62,21.61,558.44,2388.23,9079.48,86
161,42.0075,0.8419,100.0,518.67,1.3,47.3,523.1,2388.06,8141.2,10.8932,0.03,394,2388,100.0,642.58,39.23,23.5919,1589.48,1399.38,14.62,21.61,555.24,2388.06,9057.04,42.008,0.842,100.0,518.67,1.3,47.93,525.97,2388.45,8163.77,10.9741,0.03,396,2388,100.0,643.74,39.41,23.6472,1603.11,1421.42,14.62,21.61,558.44,2388.23,9079.48,202
162,42.008,0.842,100.0,518.67,1.3,47.37,519.54,2388.03,8126.75,10.9299,0.03,392,2388,100.0,642.24,38.99,23.4114,1582.16,1403.39,14.62,21.58,551.67,2387.93,9047.53,42.008,0.842,100.0,518.67,1.3,47.93,525.97,2388.45,8163.77,10.9741,0.03,396,2388,100.0,643.74,39.41,23.6472,1603.11,1421.42,14.62,21.61,558.44,2388.23,9079.48,212
163,42.0079,0.8419,100.0,518.67,1.31,47.46,526.75,2388.28,8153.6,10.8265,0.03,393,2388,100.0,642.82,39.38,23.653,1594.56,1408.35,14.62,21.61,559.36,2388.17,9075.33,42.008,0.842,100.0,518.67,1.31,47.93,526.75,2388.45,8163.77,10.9741,0.03,396,2388,100.0,643.74,39.41,23.653,1603.11,1421.42,14.62,21.61,559.36,2388.23,9079.48,184
164,42.008,0.8418,100.0,518.67,1.3,47.22,521.13,2388.02,8134.65,10.9106,0.03,392,2388,100.0,642.48,39.1,23.475,1588.66,1402.25,14.62,21.59,553.56,2387.98,9058.73,42.008,0.842,100.0,518.67,1.31,47.93,526.75,2388.45,8163.77,10.9741,0.03,396,2388,100.0,643.74,39.41,23.653,1603.11,1421.42,14.62,21.61,559.36,2388.23,9079.48,279
165,42.0079,0.842,100.0,518.67,1.3,47.46,522.87,2388.34,8152.66,10.9189,0.03,393,2388,100.0,643.18,39.23,23.5025,1593.35,1403.79,14.62,21.61,554.83,2388.1,9072.82,42.008,0.842,100.0,518.67,1.31,47.93,526.75,2388.45,8163.77,10.9741,0.03,396,2388,100.0,643.74,39.41,23.653,1603.11,1421.42,14.62,21.61,559.36,2388.23,9079.48,154
166,42.0076,0.842,100.0,518.67,1.3,47.63,522.52,2388.23,8150.59,10.9259,0.03,394,2388,100.0,642.95,39.07,23.4378,1594.83,1413.94,14.62,21.61,554.4,2388.13,9070.36,42.008,0.842,100.0,518.67,1.31,47.93,526.75,2388.45,8163.77,10.9741,0.03,396,2388,100.0,643.74,39.41,23.653,1603.11,1421.42,14.62,21.61,559.36,2388.23,9079.48,168
167,42.0068,0.8419,100.0,518.67,1.3,47.57,522.39,2388.21,8137.65,10.9185,0.03,395,2388,100.0,642.93,39.1,23.5025,1594.53,1411.57,14.62,21.61,554.8,2388.14,9056.38,42.008,0.842,100.0,518.67,1.31,47.93,526.75,2388.45,8163.77,10.9741,0.03,396,2388,100.0,643.74,39.41,23.653,1603.11,1421.42,14.62,21.61,559.36,2388.23,9079.48,162
168,42.0077,0.8418,100.0,518.67,1.3,47.34,522.47,2388.34,8152.73,10.9179,0.03,394,2388,100.0,642.69,39.08,23.4449,1590.54,1405.69,14.62,21.61,554.69,2388.05,9075.1,42.008,0.842,100.0,518.67,1.31,47.93,526.75,2388.45,8163.77,10.9741,0.03,396,2388,100.0,643.74,39.41,23.653,1603.11,1421.42,14.62,21.61,559.36,2388.23,9079.48,95
169,42.008,0.842,100.0,518.67,1.3,47.34,521.2,2388.06,8135.82,10.8896,0.03,392,2388,100.0,642.58,39.12,23.5048,1585.97,1406.51,14.62,21.58,553.64,2387.96,9052.3,42.008,0.842,100.0,518.67,1.31,47.93,526.75,2388.45,8163.77,10.9741,0.03,396,2388,100.0,643.74,39.41,23.653,1603.11,1421.42,14.62,21.61,559.36,2388.23,9079.48,126
170,42.0075,0.8419,100.0,518.67,1.3,47.69,522.31,2388.21,8134.88,10.9342,0.03,396,2388,100.0,642.9,39.07,23.4886,1600.35,1413.32,14.62,21.61,554.51,2388.17,9054.18,42.008,0.842,100.0,518.67,1.31,47.93,526.75,2388.45,8163.77,10.9741,0.03,396,2388,100.0,643.74,39.41,23.653,1603.11,1421.42,14.62,21.61,559.36,2388.23,9079.48,60
171,42.0078,0.8419,100.0,518.67,1.3,47.46,525.39,2388.21,8148.91,10.8379,0.03,393,2388,100.0,642.68,39.32,23.6405,1593.78,1406.77,14.62,21.61,557.91,2388.12,9068.48,42.008,0.842,100.0,518.67,1.31,47.93,526.75,2388.45,8163.77,10.9741,0.03,396,2388,100.0,643.74,39.41,23.653,1603.11,1421.42,14.62,21.61,559.36,2388.23,9079.48,298
172,42.008,0.842,100.0,518.67,1.3,47.68,522.53,2388.19,8148.64,10.9297,0.03,394,2388,100.0,642.91,39.11,23.4377,1599.24,1410.59,14.62,21.61,554.56,2388.11,9070.2,42.008,0.842,100.0,518.67,1.31,47.93,526.75,2388.45,8163.77,10.9741,0.03,396,2388,100.0,643.74,39.41,23.653,1603.11,1421.42,14.62,21.61,559.36,2388.23,9079.48,172
173,42.0077,0.8419,100.0,518.67,1.3,47.32,522.62,2388.04,8142.59,10.9073,0.03,393,2388,100.0,642.41,39.23,23.6299,1589.67,1399.1,14.62,21.6,555.03,2388.04,9057.38,42.008,0.842,100.0,518.67,1.31,47.93,526.75,2388.45,8163.77,10.9741,0.03,396,2388,100.0,643.74,39.41,23.653,1603.11,1421.42,14.62,21.61,559.36,2388.23,9079.48,356
174,42.0078,0.8418,100.0,518.67,1.3,47.24,521.37,2388.06,8141.26,10.8855,0.03,392,2388,100.0,642.69,39.2,23.4866,1585.55,1397.76,14.62,21.58,553.58,2387.98,9056.72,42.008,0.842,100.0,518.67,1.31,47.93,526.75,2388.45,8163.77,10.9741,0.03,396,2388,100.0,643.74,39.41,23.653,1603.11,1421.42,14.62,21.61,559.36,2388.23,9079.48,269
175,42.0073,0.8419,100.0,518.67,1.3,47.77,521.82,2388.25,8134.2,10.944,0.03,396,2388,100.0,643.19,39.09,23.393,1598.13,1423.56,14.62,21.61,553.82,2388.2,9056.73,42.008,0.842,100.0,518.67,1.31,47.93,526.75,2388.45,8163.77,10.9741,0.03,396,2388,100.0,643.74,39.41,23.653,1603.11,1423.56,14.62,21.61,559.36,2388.23,9079.48,55
176,42.0078,0.842,100.0,518.67,1.3,47.47,522.55,2388.16,8142.28,10.915,0.03,393,2388,100.0,642.71,39.16,23.525,1591.04,1405.31,14.62,21.61,555.06,2388.11,9060.95,42.008,0.842,100.0,518.67,1.31,47.93,526.75,2388.45,8163.77,10.9741,0.03,396,2388,100.0,643.74,39.41,23.653,1603.11,1423.56,14.62,21.61,559.36,2388.23,9079.48,79
177,42.007,0.8418,100.0,518.67,1.3,47.56,521.99,2388.17,8139.64,10.9449,0.03,395,2388,100.0,643.11,38.97,23.3932,1596.29,1413.92,14.62,21.61,554.58,2388.14,9060.4,42.008,0.842,100.0,518.67,1.31,47.93,526.75,2388.45,8163.77,10.9741,0.03,396,2388,100.0,643.74,39.41,23.653,1603.11,1423.56,14.62,21.61,559.36,2388.23,9079.48,141
178,42.0079,0.8418,100.0,518.67,1.3,47.68,522.25,2388.2,8132.53,10.9261,0.03,396,2388,100.0,643.45,39.01,23.4497,1596.79,1418.55,14.62,21.61,554.54,2388.17,9055.45,42.008,0.842,100.0,518.67,1.31,47.93,526.75,2388.45,8163.77,10.9741,0.03,396,2388,100.0,643.74,39.41,23.653,1603.11,1423.56,14.62,21.61,559.36,2388.23,9079.48,69
179,42.0078,0.8419,100.0,518.67,1.3,47.3,523.92,2388.12,8148.18,10.8874,0.03,393,2388,100.0,642.55,39.3,23.583,1596.13,1403.18,14.62,21.61,556.25,2388.09,9058.98,42.008,0.842,100.0,518.67,1.31,47.93,526.75,2388.45,8163.77,10.9741,0.03,396,2388,100.0,643.74,39.41,23.653,1603.11,1423.56,14.62,21.61,559.36,2388.23,9079.48,334
180,42.0079,0.8418,100.0,518.67,1.3,47.3,524.01,2388.1,8146.4,10.8706,0.03,393,2388,100.0,642.53,39.37,23.6174,1587.45,1404.01,14.62,21.61,556.33,2388.09,9062.81,42.008,0.842,100.0,518.67,1.31,47.93,526.75,2388.45,8163.77,10.9741,0.03,396,2388,100.0,643.74,39.41,23.653,1603.11,1423.56,14.62,21.61,559.36,2388.23,9079.48,243
181,42.0079,0.842,100.0,518.67,1.3,47.72,521.9,2388.25,8141.72,10.9506,0.03,394,2388,100.0,643.37,38.97,23.4228,1595.34,1415.32,14.62,21.61,554.17,2388.2,9062.36,42.008,0.842,100.0,518.67,1.31,47.93,526.75,2388.45,8163.77,10.9741,0.03,396,2388,100.0,643.74,39.41,23.653,1603.11,1423.56,14.62,21.61,559.36,2388.23,9079.48,33
182,42.0078,0.8418,100.0,518.67,1.3,47.37,522.93,2388.15,8145.57,10.901,0.03,393,2388,100.0,642.47,39.24,23.4601,1588.61,1402.67,14.62,21.61,554.97,2388.06,9065.66,42.008,0.842,100.0,518.67,1.31,47.93,526.75,2388.45,8163.77,10.9741,0.03,396,2388,100.0,643.74,39.41,23.653,1603.11,1423.56,14.62,21.61,559.36,2388.23,9079.48,104
183,42.0074,0.8416,100.0,518.67,1.3,47.62,522.5,2388.18,8139.22,10.9463,0.03,394,2388,100.0,642.88,39.13,23.4378,1600.06,1414.01,14.62,21.61,554.93,2388.11,9060.47,42.008,0.842,100.0,518.67,1.31,47.93,526.75,2388.45,8163.77,10.9741,0.03,396,2388,100.0,643.74,39.41,23.653,1603.11,1423.56,14.62,21.61,559.36,2388.23,9079.48,89
184,42.0079,0.8419,100.0,518.67,1.3,47.45,524.87,2388.17,8148.28,10.8509,0.03,393,2388,100.0,642.99,39.33,23.6597,1589.23,1408.25,14.62,21.61,557.44,2388.11,9070.04,42.008,0.842,100.0,518.67,1.31,47.93,526.75,2388.45,8163.77,10.9741,0.03,396,2388,100.0,643.74,39.41,23.6597,1603.11,1423.56,14.62,21.61,559.36,2388.23,9079.48,278
185,42.0072,0.842,100.0,518.67,1.3,47.38,525.11,2388.18,8148.91,10.8526,0.03,393,2388,100.0,642.59,39.34,23.5882,1595.22,1408.38,14.62,21.6,557.21,2388.11,9070.58,42.008,0.842,100.0,518.67,1.31,47.93,526.75,2388.45,8163.77,10.9741,0.03,396,2388,100.0,643.74,39.41,23.6597,1603.11,1423.56,14.62,21.61,559.36,2388.23,9079.48,158
186,42.0067,0.842,100.0,518.67,1.3,47.59,522.35,2388.18,8143.9,10.9449,0.03,394,2388,100.0,642.99,39.08,23.4516,1594.57,1410.17,14.62,21.61,554.69,2388.15,9063.94,42.008,0.842,100.0,518.67,1.31,47.93,526.75,2388.45,8163.77,10.9741,0.03,396,2388,100.0,643.74,39.41,23.6597,1603.11,1423.56,14.62,21.61,559.36,2388.23,9079.48,62
187,42.008,0.8418,100.0,518.67,1.3,47.27,522.26,2388.08,8140.07,10.8827,0.03,392,2388,100.0,642.25,39.22,23.5584,1587.52,1397.35,14.62,21.59,554.52,2388.04,9054.82,42.008,0.842,100.0,518.67,1.31,47.93,526.75,2388.45,8163.77,10.9741,0.03,396,2388,100.0,643.74,39.41,23.6597,1603.11,1423.56,14.62,21.61,559.36,2388.23,9079.48,172
188,42.0078,0.842,100.0,518.67,1.3,47.66,522.14,2388.18,8136.8,10.9224,0.03,394,2388,100.0,643.06,39.02,23.3941,1595.86,1413.34,14.62,21.61,554.04,2388.13,9056.22,42.008,0.842,100.0,518.67,1.31,47.93,526.75,2388.45,8163.77,10.9741,0.03,396,2388,100.0,643.74,39.41,23.6597,1603.11,1423.56,14.62,21.61,559.36,2388.23,9079.48,153
189,42.008,0.8419,100.0,518.67,1.3,47.79,521.7,2388.23,8139.64,10.9364,0.03,395,2388,100.0,643.18,38.91,23.3939,1598.24,1416.83,14.62,21.61,554.33,2388.22,9063.81,42.008,0.842,100.0,518.67,1.31,47.93,526.75,2388.45,8163.77,10.9741,0.03,396,2388,100.0,643.74,39.41,23.6597,1603.11,1423.56,14.62,21.61,559.36,2388.23,9079.48,138
190,42.0079,0.842,100.0,518.67,1.3,47.27,519.57,2388.02,8130.21,10.9137,0.03,392,2388,100.0,642.44,39.0,23.4099,1582.64,1401.06,14.62,21.58,552.13,2388.0,9045.96,42.008,0.842,100.0,518.67,1.31,47.93,526.75,2388.45,8163.77,10.9741,0.03,396,2388,100.0,643.74,39.41,23.6597,1603.11,1423.56,14.62,21.61,559.36,2388.23,9079.48,280
191,42.0079,0.842,100.0,518.67,1.3,47.28,523.83,2388.11,8145.25,10.8792,0.03,392,2388,100.0,642.48,39.24,23.5638,1588.52,1401.93,14.62,21.6,556.6,2388.06,9058.64,42.008,0.842,100.0,518.67,1.31,47.93,526.75,2388.45,8163.77,10.9741,0.03,396,2388,100.0,643.74,39.41,23.6597,1603.11,1423.56,14.62,21.61,559.36,2388.23,9079.48,196
192,42.0074,0.8418,100.0,518.67,1.3,47.79,521.73,2388.24,8136.28,10.9591,0.03,395,2388,100.0,643.42,39.15,23.3883,1603.15,1420.28,14.62,21.61,553.93,2388.19,9056.72,42.008,0.842,100.0,518.67,1.31,47.93,526.75,2388.45,8163.77,10.9741,0.03,396,2388,100.0,643.74,39.41,23.6597,1603.15,1423.56,14.62,21.61,559.36,2388.23,9079.48,89
193,42.0079,0.842,100.0,518.67,1.3,47.77,521.84,2388.22,8136.43,10.9476,0.03,394,2388,100.0,643.06,39.02,23.3879,1594.94,1416.58,14.62,21.61,554.28,2388.17,9061.42,42.008,0.842,100.0,518.67,1.31,47.93,526.75,2388.45,8163.77,10.9741,0.03,396,2388,100.0,643.74,39.41,23.6597,1603.15,1423.56,14.62,21.61,559.36,2388.23,9079.48,96
194,42.0076,0.842,100.0,518.67,1.3,47.69,521.95,2388.23,8134.9,10.9491,0.03,395,2388,100.0,643.16,39.02,23.3958,1600.73,1414.8,14.62,21.61,554.03,2388.16,9059.21,42.008,0.842,100.0,518.67,1.31,47.93,526.75,2388.45,8163.77,10.9741,0.03,396,2388,100.0,643.74,39.41,23.6597,1603.15,1423.56,14.62,21.61,559.36,2388.23,9079.48,44
195,42.0078,0.842,100.0,518.67,1.3,47.64,521.98,2388.23,8142.33,10.9389,0.03,394,2388,100.0,642.99,39.12,23.4372,1595.29,1415.73,14.62,21.61,554.46,2388.15,9063.93,42.008,0.842,100.0,518.67,1.31,47.93,526.75,2388.45,8163.77,10.9741,0.03,396,2388,100.0,643.74,39.41,23.6597,1603.15,1423.56,14.62,21.61,559.36,2388.23,9079.48,58
196,42.0079,0.8418,100.0,518.67,1.3,47.59,522.9,2388.41,8155.99,10.9272,0.03,393,2388,100.0,642.85,39.17,23.5229,1595.98,1411.23,14.62,21.61,554.74,2388.09,9078.31,42.008,0.842,100.0,518.67,1.31,47.93,526.75,2388.45,8163.77,10.9741,0.03,396,2388,100.0,643.74,39.41,23.6597,1603.15,1423.56,14.62,21.61,559.36,2388.23,9079.48,73
197,42.0079,0.842,100.0,518.67,1.3,47.7,521.84,2388.21,8135.16,10.9519,0.03,395,2388,100.0,643.54,38.9,23.4712,1596.56,1420.03,14.62,21.61,553.97,2388.21,9056.31,42.008,0.842,100.0,518.67,1.31,47.93,526.75,2388.45,8163.77,10.9741,0.03,396,2388,100.0,643.74,39.41,23.6597,1603.15,1423.56,14.62,21.61,559.36,2388.23,9079.48,69
198,42.0078,0.842,100.0,518.67,1.31,47.54,527.44,2388.33,8154.49,10.8248,0.03,394,2388,100.0,642.79,39.51,23.6075,1596.55,1409.53,14.62,21.61,559.77,2388.19,9081.41,42.008,0.842,100.0,518.67,1.31,47.93,527.44,2388.45,8163.77,10.9741,0.03,396,2388,100.0,643.74,39.51,23.6597,1603.15,1423.56,14.62,21.61,559.77,2388.23,9081.41,63
199,42.0078,0.8418,100.0,518.67,1.3,47.64,522.32,2388.19,8135.63,10.9136,0.03,395,2388,100.0,642.97,39.11,23.4653,1595.41,1412.5,14.62,21.61,554.59,2388.14,9054.35,42.008,0.842,100.0,518.67,1.31,47.93,527.44,2388.45,8163.77,10.9741,0.03,396,2388,100.0,643.74,39.51,23.6597,1603.15,1423.56,14.62,21.61,559.77,2388.23,9081.41,75
200,42.0073,0.842,100.0,518.67,1.3,47.28,523.01,2388.14,8144.23,10.8793,0.03,393,2388,100.0,642.3,39.37,23.5819,1588.78,1400.98,14.62,21.59,555.11,2388.02,9060.76,42.008,0.842,100.0,518.67,1.31,47.93,527.44,2388.45,8163.77,10.9741,0.03,396,2388,100.0,643.74,39.51,23.6597,1603.15,1423.56,14.62,21.61,559.77,2388.23,9081.41,124
201,42.0075,0.8419,100.0,518.67,1.3,47.37,522.64,2388.39,8156.77,10.8914,0.03,393,2388,100.0,642.87,39.18,23.4305,1590.6,1406.31,14.62,21.61,555.14,2388.04,9074.8,42.008,0.842,100.0,518.67,1.31,47.93,527.44,2388.45,8163.77,10.9741,0.03,396,2388,100.0,643.74,39.51,23.6597,1603.15,1423.56,14.62,21.61,559.77,2388.23,9081.41,277
202,42.0079,0.842,100.0,518.67,1.3,47.34,523.73,2388.14,8148.01,10.868,0.03,392,2388,100.0,642.51,39.33,23.5347,1592.96,1404.93,14.62,21.59,555.58,2388.07,9061.26,42.008,0.842,100.0,518.67,1.31,47.93,527.44,2388.45,8163.77,10.9741,0.03,396,2388,100.0,643.74,39.51,23.6597,1603.15,1423.56,14.62,21.61,559.77,2388.23,9081.41,140
203,42.0073,0.842,100.0,518.67,1.31,47.55,526.11,2388.25,8153.97,10.8267,0.03,394,2388,100.0,642.81,39.39,23.6615,1591.31,1405.31,14.62,21.61,558.47,2388.18,9073.57,42.008,0.842,100.0,518.67,1.31,47.93,527.44,2388.45,8163.77,10.9741,0.03,396,2388,100.0,643.74,39.51,23.6615,1603.15,1423.56,14.62,21.61,559.77,2388.23,9081.41,223
204,42.0077,0.842,100.0,518.67,1.3,47.46,522.41,2388.37,8159.46,10.9441,0.03,394,2388,100.0,642.76,39.17,23.4477,1592.38,1409.98,14.62,21.61,554.72,2388.09,9075.79,42.008,0.842,100.0,518.67,1.31,47.93,527.44,2388.45,8163.77,10.9741,0.03,396,2388,100.0,643.74,39.51,23.6615,1603.15,1423.56,14.62,21.61,559.77,2388.23,9081.41,110
205,42.0078,0.8419,100.0,518.67,1.3,47.66,521.89,2388.22,8133.53,10.9425,0.03,395,2388,100.0,643.11,38.85,23.3343,1594.55,1420.49,14.62,21.61,554.06,2388.19,9056.31,42.008,0.842,100.0,518.67,1.31,47.93,527.44,2388.45,8163.77,10.9741,0.03,396,2388,100.0,643.74,39.51,23.6615,1603.15,1423.56,14.62,21.61,559.77,2388.23,9081.41,141
206,42.008,0.842,100.0,518.67,1.3,47.43,522.94,2388.18,8148.04,10.8898,0.03,393,2388,100.0,642.58,39.26,23.5713,1588.03,1408.63,14.62,21.61,555.15,2388.07,9069.02,42.008,0.842,100.0,518.67,1.31,47.93,527.44,2388.45,8163.77,10.9741,0.03,396,2388,100.0,643.74,39.51,23.6615,1603.15,1423.56,14.62,21.61,559.77,2388.23,9081.41,162
207,42.0078,0.8419,100.0,518.67,1.3,47.46,524.15,2388.12,8145.93,10.8526,0.03,393,2388,100.0,642.68,39.31,23.5869,1591.34,1405.87,14.62,21.61,556.71,2388.11,9064.65,42.008,0.842,100.0,518.67,1.31,47.93,527.44,2388.45,8163.77,10.9741,0.03,396,2388,100.0,643.74,39.51,23.6615,1603.15,1423.56,14.62,21.61,559.77,2388.23,9081.41,278
208,42.0076,0.842,100.0,518.67,1.3,47.33,522.88,2388.24,8153.51,10.8962,0.03,393,2388,100.0,642.63,39.12,23.4844,1589.98,1404.59,14.62,21.61,555.37,2388.02,9070.08,42.008,0.842,100.0,518.67,1.31,47.93,527.44,2388.45,8163.77,10.9741,0.03,396,2388,100.0,643.74,39.51,23.6615,1603.15,1423.56,14.62,21.61,559.77,2388.23,9081.41,189
209,42.0071,0.842,100.0,518.67,1.3,47.89,522.08,2388.18,8142.69,10.9357,0.03,394,2388,100.0,643.01,39.0,23.4103,1597.66,1413.31,14.62,21.61,554.22,2388.18,9064.58,42.008,0.842,100.0,518.67,1.31,47.93,527.44,2388.45,8163.77,10.9741,0.03,396,2388,100.0,643.74,39.51,23.6615,1603.15,1423.56,14.62,21.61,559.77,2388.23,9081.41,60
210,42.0073,0.842,100.0,518.67,1.3,47.61,522.09,2388.39,8158.04,10.9416,0.03,394,2388,100.0,643.07,39.13,23.4241,1596.68,1411.99,14.62,21.61,554.47,2388.1,9081.29,42.008,0.842,100.0,518.67,1.31,47.93,527.44,2388.45,8163.77,10.9741,0.03,396,2388,100.0,643.74,39.51,23.6615,1603.15,1423.56,14.62,21.61,559.77,2388.23,9081.41,66
211,42.0079,0.842,100.0,518.67,1.3,47.78,521.72,2388.21,8146.9,10.9588,0.03,395,2388,100.0,643.51,38.98,23.3955,1600.2,1416.94,14.62,21.61,553.92,2388.14,9071.04,42.008,0.842,100.0,518.67,1.31,47.93,527.44,2388.45,8163.77,10.9741,0.03,396,2388,100.0,643.74,39.51,23.6615,1603.15,1423.56,14.62,21.61,559.77,2388.23,9081.41,45
212,42.008,0.8419,100.0,518.67,1.3,47.42,522.6,2388.19,8145.73,10.9127,0.03,394,2388,100.0,642.69,39.16,23.5013,1593.34,1404.78,14.62,21.61,554.78,2388.09,9064.6,42.008,0.842,100.0,518.67,1.31,47.93,527.44,2388.45,8163.77,10.9741,0.03,396,2388,100.0,643.74,39.51,23.6615,1603.15,1423.56,14.62,21.61,559.77,2388.23,9081.41,128
213,42.0075,0.8419,100.0,518.67,1.3,47.95,521.78,2388.24,8136.49,10.9615,0.03,396,2388,100.0,643.12,38.96,23.3537,1598.78,1416.59,14.62,21.61,553.77,2388.2,9059.45,42.008,0.842,100.0,518.67,1.31,47.95,527.44,2388.45,8163.77,10.9741,0.03,396,2388,100.0,643.74,39.51,23.6615,1603.15,1423.56,14.62,21.61,559.77,2388.23,9081.41,96
214,42.0079,0.8418,100.0,518.67,1.3,47.7,522.05,2388.29,8133.01,10.9418,0.03,395,2388,100.0,643.23,39.14,23.4277,1596.94,1415.39,14.62,21.61,554.47,2388.22,9051.12,42.008,0.842,100.0,518.67,1.31,47.95,527.44,2388.45,8163.77,10.9741,0.03,396,2388,100.0,643.74,39.51,23.6615,1603.15,1423.56,14.62,21.61,559.77,2388.23,9081.41,27
215,42.0079,0.842,100.0,518.67,1.3,47.41,522.7,2388.14,8142.05,10.9126,0.03,393,2388,100.0,643.03,39.15,23.5051,1591.45,1405.9,14.62,21.61,555.18,2388.08,9060.53,42.008,0.842,100.0,518.67,1.31,47.95,527.44,2388.45,8163.77,10.9741,0.03,396,2388,100.0,643.74,39.51,23.6615,1603.15,1423.56,14.62,21.61,559.77,2388.23,9081.41,260
216,42.0073,0.842,100.0,518.67,1.3,47.57,522.7,2388.16,8142.11,10.9322,0.03,394,2388,100.0,642.96,39.14,23.4053,1593.95,1414.31,14.62,21.61,554.33,2388.13,9057.83,42.008,0.842,100.0,518.67,1.31,47.95,527.44,2388.45,8163.77,10.9741,0.03,396,2388,100.0,643.74,39.51,23.6615,1603.15,1423.56,14.62,21.61,559.77,2388.23,9081.41,143
217,42.008,0.842,100.0,518.67,1.3,47.61,522.36,2388.16,8144.96,10.9146,0.03,395,2388,100.0,643.26,39.0,23.397,1592.66,1413.19,14.62,21.61,554.28,2388.11,9068.69,42.008,0.842,100.0,518.67,1.31,47.95,527.44,2388.45,8163.77,10.9741,0.03,396,2388,100.0,643.74,39.51,23.6615,1603.15,1423.56,14.62,21.61,559.77,2388.23,9081.41,99
218,42.0079,0.8419,100.0,518.67,1.3,47.56,522.62,2388.14,8144.66,10.8871,0.03,393,2388,100.0,643.01,39.19,23.505,1590.45,1408.69,14.62,21.61,554.87,2388.11,9066.28,42.008,0.842,100.0,518.67,1.31,47.95,527.44,2388.45,8163.77,10.9741,0.03,396,2388,100.0,643.74,39.51,23.6615,1603.15,1423.56,14.62,21.61,559.77,2388.23,9081.41,135
219,42.0078,0.842,100.0,518.67,1.3,47.54,525.15,2388.21,8149.85,10.849,0.03,394,2388,100.0,642.64,39.32,23.5803,1588.82,1407.6,14.62,21.6,557.25,2388.15,9069.01,42.008,0.842,100.0,518.67,1.31,47.95,527.44,2388.45,8163.77,10.9741,0.03,396,2388,100.0,643.74,39.51,23.6615,1603.15,1423.56,14.62,21.61,559.77,2388.23,9081.41,89
220,42.0077,0.8419,100.0,518.67,1.3,47.56,522.48,2388.17,8141.64,10.9045,0.03,393,2388,100.0,643.11,39.2,23.5419,1593.12,1406.19,14.62,21.61,554.8,2388.11,9060.64,42.008,0.842,100.0,518.67,1.31,47.95,527.44,2388.45,8163.77,10.9741,0.03,396,2388,100.0,643.74,39.51,23.6615,1603.15,1423.56,14.62,21.61,559.77,2388.23,9081.41,101
221,42.0076,0.8415,100.0,518.67,1.3,47.39,525.09,2388.18,8150.05,10.8493,0.03,393,2388,100.0,642.65,39.42,23.6095,1591.88,1405.59,14.62,21.6,558.05,2388.15,9069.61,42.008,0.842,100.0,518.67,1.31,47.95,527.44,2388.45,8163.77,10.9741,0.03,396,2388,100.0,643.74,39.51,23.6615,1603.15,1423.56,14.62,21.61,559.77,2388.23,9081.41,173
222,42.008,0.8419,100.0,518.67,1.3,47.49,522.55,2388.16,8136.1,10.8959,0.03,394,2388,100.0,642.8,39.23,23.5138,1592.15,1408.45,14.62,21.61,554.87,2388.15,9053.71,42.008,0.842,100.0,518.67,1.31,47.95,527.44,2388.45,8163.77,10.9741,0.03,396,2388,100.0,643.74,39.51,23.6615,1603.15,1423.56,14.62,21.61,559.77,2388.23,9081.41,101
223,42.0069,0.8419,100.0,518.67,1.3,47.63,522.74,2388.13,8139.13,10.9156,0.03,394,2388,100.0,643.12,39.14,23.4897,1593.61,1409.2,14.62,21.61,554.73,2388.08,9061.69,42.008,0.842,100.0,518.67,1.31,47.95,527.44,2388.45,8163.77,10.9741,0.03,396,2388,100.0,643.74,39.51,23.6615,1603.15,1423.56,14.62,21.61,559.77,2388.23,9081.41,146
224,42.0078,0.842,100.0,518.67,1.3,47.24,522.48,2388.09,8138.47,10.8696,0.03,393,2388,100.0,642.3,39.25,23.4927,1587.02,1403.47,14.62,21.59,554.96,2388.03,9057.6,42.008,0.842,100.0,518.67,1.31,47.95,527.44,2388.45,8163.77,10.9741,0.03,396,2388,100.0,643.74,39.51,23.6615,1603.15,1423.56,14.62,21.61,559.77,2388.23,9081.41,167
225,42.0079,0.8419,100.0,518.67,1.3,47.18,519.73,2388.01,8127.96,10.9026,0.03,392,2388,100.0,642.56,39.06,23.3643,1582.09,1405.85,14.62,21.58,552.68,2388.01,9042.98,42.008,0.842,100.0,518.67,1.31,47.95,527.44,2388.45,8163.77,10.9741,0.03,396,2388,100.0,643.74,39.51,23.6615,1603.15,1423.56,14.62,21.61,559.77,2388.23,9081.41,317
226,42.008,0.8419,100.0,518.67,1.3,47.38,522.7,2388.3,8150.93,10.9213,0.03,395,2388,100.0,642.81,39.13,23.4647,1589.73,1406.05,14.62,21.61,555.19,2388.06,9073.5,42.008,0.842,100.0,518.67,1.31,47.95,527.44,2388.45,8163.77,10.9741,0.03,396,2388,100.0,643.74,39.51,23.6615,1603.15,1423.56,14.62,21.61,559.77,2388.23,9081.41,93
227,42.0063,0.8417,100.0,518.67,1.3,47.23,523.1,2388.08,8140.56,10.8968,0.03,392,2388,100.0,642.7,39.24,23.5668,1595.05,1403.35,14.62,21.6,555.11,2388.04,9067.44,42.008,0.842,100.0,518.67,1.31,47.95,527.44,2388.45,8163.77,10.9741,0.03,396,2388,100.0,643.74,39.51,23.6615,1603.15,1423.56,14.62,21.61,559.77,2388.23,9081.41,186
228,42.0073,0.842,100.0,518.67,1.3,47.32,523.52,2388.08,8142.73,10.8744,0.03,393,2388,100.0,642.45,39.18,23.6211,1587.54,1405.05,14.62,21.61,555.64,2388.09,9060.47,42.008,0.842,100.0,518.67,1.31,47.95,527.44,2388.45,8163.77,10.9741,0.03,396,2388,100.0,643.74,39.51,23.6615,1603.15,1423.56,14.62,21.61,559.77,2388.23,9081.41,178
229,42.0076,0.8418,100.0,518.67,1.3,47.43,522.59,2388.13,8140.84,10.9119,0.03,393,2388,100.0,642.7,39.2,23.5091,1592.0,1407.64,14.62,21.61,554.66,2388.12,9062.06,42.008,0.842,100.0,518.67,1.31,47.95,527.44,2388.45,8163.77,10.9741,0.03,396,2388,100.0,643.74,39.51,23.6615,1603.15,1423.56,14.62,21.61,559.77,2388.23,9081.41,179
230,42.0076,0.842,100.0,518.67,1.3,47.37,523.36,2388.13,8142.16,10.869,0.03,393,2388,100.0,642.67,39.25,23.5508,1593.62,1405.87,14.62,21.59,555.91,2388.12,9060.45,42.008,0.842,100.0,518.67,1.31,47.95,527.44,2388.45,8163.77,10.9741,0.03,396,2388,100.0,643.74,39.51,23.6615,1603.15,1423.56,14.62,21.61,559.77,2388.23,9081.41,149
231,42.0071,0.8417,100.0,518.67,1.3,47.51,522.91,2388.12,8142.29,10.9104,0.03,394,2388,100.0,642.83,39.15,23.523,1591.24,1409.26,14.62,21.61,555.01,2388.09,9058.65,42.008,0.842,100.0,518.67,1.31,47.95,527.44,2388.45,8163.77,10.9741,0.03,396,2388,100.0,643.74,39.51,23.6615,1603.15,1423.56,14.62,21.61,559.77,2388.23,9081.41,93
232,42.0079,0.8418,100.0,518.67,1.3,47.62,522.41,2388.14,8143.75,10.9181,0.03,394,2388,100.0,642.63,39.08,23.4962,1589.98,1408.07,14.62,21.61,554.45,2388.1,9057.36,42.008,0.842,100.0,518.67,1.31,47.95,527.44,2388.45,8163.77,10.9741,0.03,396,2388,100.0,643.74,39.51,23.6615,1603.15,1423.56,14.62,21.61,559.77,2388.23,9081.41,172
233,42.0079,0.842,100.0,518.67,1.3,47.51,522.37,2388.21,8150.25,10.9184,0.03,395,2388,100.0,642.97,39.07,23.428,1593.78,1410.73,14.62,21.61,554.41,2388.1,9072.98,42.008,0.842,100.0,518.67,1.31,47.95,527.44,2388.45,8163.77,10.9741,0.03,396,2388,100.0,643.74,39.51,23.6615,1603.15,1423.56,14.62,21.61,559.77,2388.23,9081.41,188
234,42.0079,0.8419,100.0,518.67,1.3,47.69,522.01,2388.19,8133.83,10.9478,0.03,394,2388,100.0,643.29,39.11,23.4215,1593.06,1413.16,14.62,21.61,554.32,2388.17,9054.21,42.008,0.842,100.0,518.67,1.31,47.95,527.44,2388.45,8163.77,10.9741,0.03,396,2388,100.0,643.74,39.51,23.6615,1603.15,1423.56,14.62,21.61,559.77,2388.23,9081.41,106
235,42.0077,0.842,100.0,518.67,1.3,47.45,525.72,2388.21,8149.99,10.8475,0.03,394,2388,100.0,642.52,39.33,23.6794,1593.25,1409.51,14.62,21.6,558.2,2388.13,9068.33,42.008,0.842,100.0,518.67,1.31,47.95,527.44,2388.45,8163.77,10.9741,0.03,396,2388,100.0,643.74,39.51,23.6794,1603.15,1423.56,14.62,21.61,559.77,2388.23,9081.41,98
236,42.0072,0.8419,100.0,518.67,1.3,47.34,521.7,2388.09,8139.25,10.8852,0.03,392,2388,100.0,642.15,39.25,23.4884,1590.44,1403.07,14.62,21.58,554.01,2388.0,9054.47,42.008,0.842,100.0,518.67,1.31,47.95,527.44,2388.45,8163.77,10.9741,0.03,396,2388,100.0,643.74,39.51,23.6794,1603.15,1423.56,14.62,21.61,559.77,2388.23,9081.41,124
237,42.0079,0.842,100.0,518.67,1.3,47.54,522.65,2388.31,8154.54,10.9276,0.03,393,2388,100.0,642.66,39.15,23.5192,1596.83,1409.74,14.62,21.61,554.89,2388.05,9074.25,42.008,0.842,100.0,518.67,1.31,47.95,527.44,2388.45,8163.77,10.9741,0.03,396,2388,100.0,643.74,39.51,23.6794,1603.15,1423.56,14.62,21.61,559.77,2388.23,9081.41,111
238,42.0075,0.8418,100.0,518.67,1.3,47.32,521.13,2388.06,8138.23,10.9163,0.03,392,2388,100.0,642.49,39.02,23.4601,1589.6,1405.68,14.62,21.58,553.31,2388.02,9048.35,42.008,0.842,100.0,518.67,1.31,47.95,527.44,2388.45,8163.77,10.9741,0.03,396,2388,100.0,643.74,39.51,23.6794,1603.15,1423.56,14.62,21.61,559.77,2388.23,9081.41,86
239,42.0068,0.8417,100.0,518.67,1.3,47.28,522.35,2388.06,8138.63,10.8938,0.03,392,2388,100.0,642.61,39.16,23.5291,1592.82,1404.96,14.62,21.59,554.66,2388.01,9056.12,42.008,0.842,100.0,518.67,1.31,47.95,527.44,2388.45,8163.77,10.9741,0.03,396,2388,100.0,643.74,39.51,23.6794,1603.15,1423.56,14.62,21.61,559.77,2388.23,9081.41,264
240,42.0078,0.842,100.0,518.67,1.3,47.56,522.64,2388.17,8137.4,10.9269,0.03,394,2388,100.0,642.83,39.13,23.5303,1592.74,1411.59,14.62,21.61,555.23,2388.15,9057.41,42.008,0.842,100.0,518.67,1.31,47.95,527.44,2388.45,8163.77,10.9741,0.03,396,2388,100.0,643.74,39.51,23.6794,1603.15,1423.56,14.62,21.61,559.77,2388.23,9081.41,48
241,42.0069,0.842,100.0,518.67,1.3,47.35,522.68,2388.2,8146.85,10.8789,0.03,393,2388,100.0,642.62,39.21,23.5354,1592.07,1405.19,14.62,21.61,555.51,2388.09,9068.37,42.008,0.842,100.0,518.67,1.31,47.95,527.44,2388.45,8163.77,10.9741,0.03,396,2388,100.0,643.74,39.51,23.6794,1603.15,1423.56,14.62,21.61,559.77,2388.23,9081.41,231
242,42.008,0.842,100.0,518.67,1.3,47.4,522.99,2388.22,8149.19,10.91,0.03,393,2388,100.0,642.81,39.11,23.4761,1592.28,1407.49,14.62,21.61,554.86,2388.06,9069.19,42.008,0.842,100.0,518.67,1.31,47.95,527.44,2388.45,8163.77,10.9741,0.03,396,2388,100.0,643.74,39.51,23.6794,1603.15,1423.56,14.62,21.61,559.77,2388.23,9081.41,121
243,42.0077,0.8419,100.0,518.67,1.3,47.37,521.6,2388.04,8134.95,10.8897,0.03,392,2388,100.0,642.52,39.1,23.52,1586.55,1410.03,14.62,21.59,553.79,2387.99,9054.86,42.008,0.842,100.0,518.67,1.31,47.95,527.44,2388.45,8163.77,10.9741,0.03,396,2388,100.0,643.74,39.51,23.6794,1603.15,1423.56,14.62,21.61,559.77,2388.23,9081.41,226
244,42.0079,0.842,100.0,518.67,1.3,47.58,522.26,2388.16,8146.79,10.9437,0.03,395,2388,100.0,643.23,39.09,23.4126,1598.45,1413.61,14.62,21.61,554.42,2388.1,9067.85,42.008,0.842,100.0,518.67,1.31,47.95,527.44,2388.45,8163.77,10.9741,0.03,396,2388,100.0,643.74,39.51,23.6794,1603.15,1423.56,14.62,21.61,559.77,2388.23,9081.41,166
245,42.008,0.8417,100.0,518.67,1.3,47.44,522.96,2388.09,8140.86,10.8834,0.03,394,2388,100.0,642.77,39.17,23.5146,1591.48,1408.19,14.62,21.61,555.38,2388.09,9060.4,42.008,0.842,100.0,518.67,1.31,47.95,527.44,2388.45,8163.77,10.9741,0.03,396,2388,100.0,643.74,39.51,23.6794,1603.15,1423.56,14.62,21.61,559.77,2388.23,9081.41,104
246,42.0078,0.8419,100.0,518.67,1.3,47.71,521.96,2388.23,8127.5,10.9388,0.03,395,2388,100.0,643.12,38.98,23.375,1595.66,1415.06,14.62,21.61,554.09,2388.18,9050.66,42.008,0.842,100.0,518.67,1.31,47.95,527.44,2388.45,8163.77,10.9741,0.03,396,2388,100.0,643.74,39.51,23.6794,1603.15,1423.56,14.62,21.61,559.77,2388.23,9081.41,60
247,42.0077,0.842,100.0,518.67,1.3,47.33,519.96,2388.06,8132.69,10.9206,0.03,392,2388,100.0,642.47,39.06,23.4176,1584.3,1405.5,14.62,21.57,551.68,2388.04,9044.15,42.008,0.842,100.0,518.67,1.31,47.95,527.44,2388.45,8163.77,10.9741,0.03,396,2388,100.0,643.74,39.51,23.6794,1603.15,1423.56,14.62,21.61,559.77,2388.23,9081.41,110
248,42.0076,0.842,100.0,518.67,1.3,47.68,522.08,2388.25,8135.69,10.9639,0.03,395,2388,100.0,643.22,38.96,23.4652,1597.18,1415.59,14.62,21.61,553.93,2388.17,9056.86,42.008,0.842,100.0,518.67,1.31,47.95,527.44,2388.45,8163.77,10.9741,0.03,396,2388,100.0,643.74,39.51,23.6794,1603.15,1423.56,14.62,21.61,559.77,2388.23,9081.41,83
249,42.0078,0.842,100.0,518.67,1.3,47.4,520.85,2388.1,8133.79,10.9055,0.03,392,2388,100.0,642.18,39.06,23.4443,1584.15,1410.4,14.62,21.58,553.1,2387.97,9050.93,42.008,0.842,100.0,518.67,1.31,47.95,527.44,2388.45,8163.77,10.9741,0.03,396,2388,100.0,643.74,39.51,23.6794,1603.15,1423.56,14.62,21.61,559.77,2388.23,9081.41,154
